file,line,type,commit,author,date,time,timezone,datetime,depth,length
style.css,1,css,6984ac1b,Jeremy Cheng,2025-10-16,10:24:09,-07:00,2025-10-16T10:24:09-07:00,0,13
style.css,2,css,6984ac1b,Jeremy Cheng,2025-10-16,10:24:09,-07:00,2025-10-16T10:24:09-07:00,1,17
style.css,3,css,6984ac1b,Jeremy Cheng,2025-10-16,10:24:09,-07:00,2025-10-16T10:24:09-07:00,1,8
style.css,4,css,6984ac1b,Jeremy Cheng,2025-10-16,10:24:09,-07:00,2025-10-16T10:24:09-07:00,1,10
style.css,5,css,6984ac1b,Jeremy Cheng,2025-10-16,10:24:09,-07:00,2025-10-16T10:24:09-07:00,1,13
style.css,6,css,6984ac1b,Jeremy Cheng,2025-10-16,10:24:09,-07:00,2025-10-16T10:24:09-07:00,1,19
style.css,7,css,105f803d,Jeremy Cheng,2025-10-30,16:40:25,-07:00,2025-10-30T16:40:25-07:00,1,12
style.css,8,css,105f803d,Jeremy Cheng,2025-10-30,16:40:25,-07:00,2025-10-30T16:40:25-07:00,1,18
style.css,9,css,105f803d,Jeremy Cheng,2025-10-30,16:40:25,-07:00,2025-10-30T16:40:25-07:00,1,9
style.css,10,css,105f803d,Jeremy Cheng,2025-10-30,16:40:25,-07:00,2025-10-30T16:40:25-07:00,0,0
style.css,11,css,105f803d,Jeremy Cheng,2025-10-30,16:40:25,-07:00,2025-10-30T16:40:25-07:00,0,0
style.css,12,css,105f803d,Jeremy Cheng,2025-10-30,16:40:25,-07:00,2025-10-30T16:40:25-07:00,0,19
style.css,13,css,105f803d,Jeremy Cheng,2025-10-30,16:40:25,-07:00,2025-10-30T16:40:25-07:00,1,15
style.css,14,css,105f803d,Jeremy Cheng,2025-10-30,16:40:25,-07:00,2025-10-30T16:40:25-07:00,1,13
style.css,15,css,105f803d,Jeremy Cheng,2025-10-30,16:40:25,-07:00,2025-10-30T16:40:25-07:00,1,18
style.css,16,css,105f803d,Jeremy Cheng,2025-10-30,16:40:25,-07:00,2025-10-30T16:40:25-07:00,0,0
style.css,17,css,105f803d,Jeremy Cheng,2025-10-30,16:40:25,-07:00,2025-10-30T16:40:25-07:00,0,0
style.css,18,css,105f803d,Jeremy Cheng,2025-10-30,16:40:25,-07:00,2025-10-30T16:40:25-07:00,0,20
style.css,19,css,105f803d,Jeremy Cheng,2025-10-30,16:40:25,-07:00,2025-10-30T16:40:25-07:00,1,19
style.css,20,css,105f803d,Jeremy Cheng,2025-10-30,16:40:25,-07:00,2025-10-30T16:40:25-07:00,1,34
style.css,21,css,105f803d,Jeremy Cheng,2025-10-30,16:40:25,-07:00,2025-10-30T16:40:25-07:00,1,17
style.css,22,css,105f803d,Jeremy Cheng,2025-10-30,16:40:25,-07:00,2025-10-30T16:40:25-07:00,1,23
style.css,23,css,105f803d,Jeremy Cheng,2025-10-30,16:40:25,-07:00,2025-10-30T16:40:25-07:00,1,43
style.css,24,css,105f803d,Jeremy Cheng,2025-10-30,16:40:25,-07:00,2025-10-30T16:40:25-07:00,1,15
style.css,25,css,105f803d,Jeremy Cheng,2025-10-30,16:40:25,-07:00,2025-10-30T16:40:25-07:00,1,14
style.css,26,css,105f803d,Jeremy Cheng,2025-10-30,16:40:25,-07:00,2025-10-30T16:40:25-07:00,1,51
style.css,27,css,105f803d,Jeremy Cheng,2025-10-30,16:40:25,-07:00,2025-10-30T16:40:25-07:00,0,0
style.css,28,css,105f803d,Jeremy Cheng,2025-10-30,16:40:25,-07:00,2025-10-30T16:40:25-07:00,0,0
style.css,29,css,105f803d,Jeremy Cheng,2025-10-30,16:40:25,-07:00,2025-10-30T16:40:25-07:00,0,27
style.css,30,css,105f803d,Jeremy Cheng,2025-10-30,16:40:25,-07:00,2025-10-30T16:40:25-07:00,1,57
style.css,31,css,105f803d,Jeremy Cheng,2025-10-30,16:40:25,-07:00,2025-10-30T16:40:25-07:00,0,0
style.css,32,css,105f803d,Jeremy Cheng,2025-10-30,16:40:25,-07:00,2025-10-30T16:40:25-07:00,0,0
style.css,33,css,105f803d,Jeremy Cheng,2025-10-30,16:40:25,-07:00,2025-10-30T16:40:25-07:00,0,26
style.css,34,css,105f803d,Jeremy Cheng,2025-10-30,16:40:25,-07:00,2025-10-30T16:40:25-07:00,1,32
style.css,35,css,105f803d,Jeremy Cheng,2025-10-30,16:40:25,-07:00,2025-10-30T16:40:25-07:00,1,63
style.css,36,css,105f803d,Jeremy Cheng,2025-10-30,16:40:25,-07:00,2025-10-30T16:40:25-07:00,0,0
style.css,37,css,105f803d,Jeremy Cheng,2025-10-30,16:40:25,-07:00,2025-10-30T16:40:25-07:00,0,0
style.css,38,css,105f803d,Jeremy Cheng,2025-10-30,16:40:25,-07:00,2025-10-30T16:40:25-07:00,0,26
style.css,39,css,105f803d,Jeremy Cheng,2025-10-30,16:40:25,-07:00,2025-10-30T16:40:25-07:00,1,37
style.css,40,css,105f803d,Jeremy Cheng,2025-10-30,16:40:25,-07:00,2025-10-30T16:40:25-07:00,1,18
style.css,41,css,6984ac1b,Jeremy Cheng,2025-10-16,10:24:09,-07:00,2025-10-16T10:24:09-07:00,0,0
style.css,42,css,6984ac1b,Jeremy Cheng,2025-10-16,10:24:09,-07:00,2025-10-16T10:24:09-07:00,0,0
style.css,43,css,a73d3946,Jeremy Cheng,2025-10-09,23:33:41,-07:00,2025-10-09T23:33:41-07:00,0,4
style.css,44,css,764e9407,Jeremy Cheng,2025-10-17,15:43:30,-07:00,2025-10-17T15:43:30-07:00,1,23
style.css,45,css,a73d3946,Jeremy Cheng,2025-10-09,23:33:41,-07:00,2025-10-09T23:33:41-07:00,1,39
style.css,46,css,a73d3946,Jeremy Cheng,2025-10-09,23:33:41,-07:00,2025-10-09T23:33:41-07:00,1,32
style.css,47,css,a73d3946,Jeremy Cheng,2025-10-09,23:33:41,-07:00,2025-10-09T23:33:41-07:00,0,0
style.css,48,css,a73d3946,Jeremy Cheng,2025-10-09,23:33:41,-07:00,2025-10-09T23:33:41-07:00,0,0
style.css,49,css,950a184,Jeremy Cheng,2025-09-30,17:40:11,-07:00,2025-09-30T17:40:11-07:00,0,4
style.css,50,css,950a184,Jeremy Cheng,2025-09-30,17:40:11,-07:00,2025-09-30T17:40:11-07:00,1,43
style.css,51,css,ff12dddc,Jeremy Cheng,2025-10-10,12:25:18,-07:00,2025-10-10T12:25:18-07:00,2,42
style.css,52,css,ff12dddc,Jeremy Cheng,2025-10-10,12:25:18,-07:00,2025-10-10T12:25:18-07:00,1,0
style.css,53,css,950a184,Jeremy Cheng,2025-09-30,17:40:11,-07:00,2025-09-30T17:40:11-07:00,1,23
style.css,54,css,d1672c77,Jeremy Cheng,2025-10-09,23:05:47,-07:00,2025-10-09T23:05:47-07:00,1,15
style.css,55,css,fe5e934a,Jeremy Cheng,2025-10-10,13:42:55,-07:00,2025-10-10T13:42:55-07:00,1,42
style.css,56,css,ff12dddc,Jeremy Cheng,2025-10-10,12:25:18,-07:00,2025-10-10T12:25:18-07:00,1,17
style.css,57,css,d1672c77,Jeremy Cheng,2025-10-09,23:05:47,-07:00,2025-10-09T23:05:47-07:00,0,0
style.css,58,css,d1672c77,Jeremy Cheng,2025-10-09,23:05:47,-07:00,2025-10-09T23:05:47-07:00,0,0
style.css,59,css,764e9407,Jeremy Cheng,2025-10-17,15:43:30,-07:00,2025-10-17T15:43:30-07:00,0,4
style.css,60,css,764e9407,Jeremy Cheng,2025-10-17,15:43:30,-07:00,2025-10-17T15:43:30-07:00,1,16
style.css,61,css,764e9407,Jeremy Cheng,2025-10-17,15:43:30,-07:00,2025-10-17T15:43:30-07:00,1,23
style.css,62,css,764e9407,Jeremy Cheng,2025-10-17,15:43:30,-07:00,2025-10-17T15:43:30-07:00,0,0
style.css,63,css,764e9407,Jeremy Cheng,2025-10-17,15:43:30,-07:00,2025-10-17T15:43:30-07:00,0,0
style.css,64,css,d1672c77,Jeremy Cheng,2025-10-09,23:05:47,-07:00,2025-10-09T23:05:47-07:00,0,5
style.css,65,css,d1672c77,Jeremy Cheng,2025-10-09,23:05:47,-07:00,2025-10-09T23:05:47-07:00,0,6
style.css,66,css,a73d3946,Jeremy Cheng,2025-10-09,23:33:41,-07:00,2025-10-09T23:33:41-07:00,1,16
style.css,67,css,d1672c77,Jeremy Cheng,2025-10-09,23:05:47,-07:00,2025-10-09T23:05:47-07:00,0,0
style.css,68,css,d1672c77,Jeremy Cheng,2025-10-09,23:05:47,-07:00,2025-10-09T23:05:47-07:00,0,0
style.css,69,css,d1672c77,Jeremy Cheng,2025-10-09,23:05:47,-07:00,2025-10-09T23:05:47-07:00,0,3
style.css,70,css,d1672c77,Jeremy Cheng,2025-10-09,23:05:47,-07:00,2025-10-09T23:05:47-07:00,1,12
style.css,71,css,764e9407,Jeremy Cheng,2025-10-17,15:43:30,-07:00,2025-10-17T15:43:30-07:00,1,19
style.css,72,css,764e9407,Jeremy Cheng,2025-10-17,15:43:30,-07:00,2025-10-17T15:43:30-07:00,1,39
style.css,73,css,764e9407,Jeremy Cheng,2025-10-17,15:43:30,-07:00,2025-10-17T15:43:30-07:00,1,43
style.css,74,css,07fe70f8,Jeremy Cheng,2025-10-30,16:36:02,-07:00,2025-10-30T16:36:02-07:00,1,57
style.css,75,css,d1672c77,Jeremy Cheng,2025-10-09,23:05:47,-07:00,2025-10-09T23:05:47-07:00,0,0
style.css,76,css,a73d3946,Jeremy Cheng,2025-10-09,23:33:41,-07:00,2025-10-09T23:33:41-07:00,0,0
style.css,77,css,d1672c77,Jeremy Cheng,2025-10-09,23:05:47,-07:00,2025-10-09T23:05:47-07:00,0,5
style.css,78,css,07fe70f8,Jeremy Cheng,2025-10-30,16:36:02,-07:00,2025-10-30T16:36:02-07:00,1,59
style.css,79,css,07fe70f8,Jeremy Cheng,2025-10-30,16:36:02,-07:00,2025-10-30T16:36:02-07:00,1,65
style.css,80,css,d1672c77,Jeremy Cheng,2025-10-09,23:05:47,-07:00,2025-10-09T23:05:47-07:00,1,17
style.css,81,css,d1672c77,Jeremy Cheng,2025-10-09,23:05:47,-07:00,2025-10-09T23:05:47-07:00,1,20
style.css,82,css,a73d3946,Jeremy Cheng,2025-10-09,23:33:41,-07:00,2025-10-09T23:33:41-07:00,1,13
style.css,83,css,320be54e,Jeremy Cheng,2025-10-16,09:09:00,-07:00,2025-10-16T09:09:00-07:00,1,17
style.css,84,css,d1672c77,Jeremy Cheng,2025-10-09,23:05:47,-07:00,2025-10-09T23:05:47-07:00,0,0
style.css,85,css,d1672c77,Jeremy Cheng,2025-10-09,23:05:47,-07:00,2025-10-09T23:05:47-07:00,0,0
style.css,86,css,07fe70f8,Jeremy Cheng,2025-10-30,16:36:02,-07:00,2025-10-30T16:36:02-07:00,0,45
style.css,87,css,07fe70f8,Jeremy Cheng,2025-10-30,16:36:02,-07:00,2025-10-30T16:36:02-07:00,0,25
style.css,88,css,07fe70f8,Jeremy Cheng,2025-10-30,16:36:02,-07:00,2025-10-30T16:36:02-07:00,1,5
style.css,89,css,07fe70f8,Jeremy Cheng,2025-10-30,16:36:02,-07:00,2025-10-30T16:36:02-07:00,2,57
style.css,90,css,07fe70f8,Jeremy Cheng,2025-10-30,16:36:02,-07:00,2025-10-30T16:36:02-07:00,2,43
style.css,91,css,07fe70f8,Jeremy Cheng,2025-10-30,16:36:02,-07:00,2025-10-30T16:36:02-07:00,1,0
style.css,92,css,07fe70f8,Jeremy Cheng,2025-10-30,16:36:02,-07:00,2025-10-30T16:36:02-07:00,0,0
style.css,93,css,07fe70f8,Jeremy Cheng,2025-10-30,16:36:02,-07:00,2025-10-30T16:36:02-07:00,0,0
style.css,94,css,07fe70f8,Jeremy Cheng,2025-10-30,16:36:02,-07:00,2025-10-30T16:36:02-07:00,0,25
style.css,95,css,07fe70f8,Jeremy Cheng,2025-10-30,16:36:02,-07:00,2025-10-30T16:36:02-07:00,1,5
style.css,96,css,07fe70f8,Jeremy Cheng,2025-10-30,16:36:02,-07:00,2025-10-30T16:36:02-07:00,2,42
style.css,97,css,07fe70f8,Jeremy Cheng,2025-10-30,16:36:02,-07:00,2025-10-30T16:36:02-07:00,2,16
style.css,98,css,07fe70f8,Jeremy Cheng,2025-10-30,16:36:02,-07:00,2025-10-30T16:36:02-07:00,1,0
style.css,99,css,07fe70f8,Jeremy Cheng,2025-10-30,16:36:02,-07:00,2025-10-30T16:36:02-07:00,0,0
style.css,100,css,07fe70f8,Jeremy Cheng,2025-10-30,16:36:02,-07:00,2025-10-30T16:36:02-07:00,0,0
style.css,101,css,a73d3946,Jeremy Cheng,2025-10-09,23:33:41,-07:00,2025-10-09T23:33:41-07:00,0,13
style.css,102,css,a73d3946,Jeremy Cheng,2025-10-09,23:33:41,-07:00,2025-10-09T23:33:41-07:00,1,43
style.css,103,css,a73d3946,Jeremy Cheng,2025-10-09,23:33:41,-07:00,2025-10-09T23:33:41-07:00,1,20
style.css,104,css,a73d3946,Jeremy Cheng,2025-10-09,23:33:41,-07:00,2025-10-09T23:33:41-07:00,0,0
style.css,105,css,a73d3946,Jeremy Cheng,2025-10-09,23:33:41,-07:00,2025-10-09T23:33:41-07:00,0,0
style.css,106,css,320be54e,Jeremy Cheng,2025-10-16,09:09:00,-07:00,2025-10-16T09:09:00-07:00,0,5
style.css,107,css,320be54e,Jeremy Cheng,2025-10-16,09:09:00,-07:00,2025-10-16T09:09:00-07:00,1,37
style.css,108,css,320be54e,Jeremy Cheng,2025-10-16,09:09:00,-07:00,2025-10-16T09:09:00-07:00,0,0
style.css,109,css,320be54e,Jeremy Cheng,2025-10-16,09:09:00,-07:00,2025-10-16T09:09:00-07:00,0,0
style.css,110,css,d1672c77,Jeremy Cheng,2025-10-09,23:05:47,-07:00,2025-10-09T23:05:47-07:00,0,11
style.css,111,css,a73d3946,Jeremy Cheng,2025-10-09,23:33:41,-07:00,2025-10-09T23:33:41-07:00,1,45
style.css,112,css,764e9407,Jeremy Cheng,2025-10-17,15:43:30,-07:00,2025-10-17T15:43:30-07:00,1,69
style.css,113,css,764e9407,Jeremy Cheng,2025-10-17,15:43:30,-07:00,2025-10-17T15:43:30-07:00,1,16
style.css,114,css,a73d3946,Jeremy Cheng,2025-10-09,23:33:41,-07:00,2025-10-09T23:33:41-07:00,0,0
style.css,115,css,a73d3946,Jeremy Cheng,2025-10-09,23:33:41,-07:00,2025-10-09T23:33:41-07:00,0,0
style.css,116,css,a73d3946,Jeremy Cheng,2025-10-09,23:33:41,-07:00,2025-10-09T23:33:41-07:00,0,4
style.css,117,css,a73d3946,Jeremy Cheng,2025-10-09,23:33:41,-07:00,2025-10-09T23:33:41-07:00,0,7
style.css,118,css,a73d3946,Jeremy Cheng,2025-10-09,23:33:41,-07:00,2025-10-09T23:33:41-07:00,0,6
style.css,119,css,a73d3946,Jeremy Cheng,2025-10-09,23:33:41,-07:00,2025-10-09T23:33:41-07:00,1,12
style.css,120,css,a73d3946,Jeremy Cheng,2025-10-09,23:33:41,-07:00,2025-10-09T23:33:41-07:00,0,0
style.css,121,css,a73d3946,Jeremy Cheng,2025-10-09,23:33:41,-07:00,2025-10-09T23:33:41-07:00,0,0
style.css,122,css,a73d3946,Jeremy Cheng,2025-10-09,23:33:41,-07:00,2025-10-09T23:33:41-07:00,0,4
style.css,123,css,a73d3946,Jeremy Cheng,2025-10-09,23:33:41,-07:00,2025-10-09T23:33:41-07:00,0,7
style.css,124,css,a73d3946,Jeremy Cheng,2025-10-09,23:33:41,-07:00,2025-10-09T23:33:41-07:00,0,6
style.css,125,css,a73d3946,Jeremy Cheng,2025-10-09,23:33:41,-07:00,2025-10-09T23:33:41-07:00,1,13
style.css,126,css,a73d3946,Jeremy Cheng,2025-10-09,23:33:41,-07:00,2025-10-09T23:33:41-07:00,1,34
style.css,127,css,a73d3946,Jeremy Cheng,2025-10-09,23:33:41,-07:00,2025-10-09T23:33:41-07:00,1,17
style.css,128,css,a73d3946,Jeremy Cheng,2025-10-09,23:33:41,-07:00,2025-10-09T23:33:41-07:00,0,0
style.css,129,css,a73d3946,Jeremy Cheng,2025-10-09,23:33:41,-07:00,2025-10-09T23:33:41-07:00,0,0
style.css,130,css,a73d3946,Jeremy Cheng,2025-10-09,23:33:41,-07:00,2025-10-09T23:33:41-07:00,0,6
style.css,131,css,a73d3946,Jeremy Cheng,2025-10-09,23:33:41,-07:00,2025-10-09T23:33:41-07:00,1,36
style.css,132,css,a73d3946,Jeremy Cheng,2025-10-09,23:33:41,-07:00,2025-10-09T23:33:41-07:00,1,11
style.css,133,css,a73d3946,Jeremy Cheng,2025-10-09,23:33:41,-07:00,2025-10-09T23:33:41-07:00,1,11
style.css,134,css,a73d3946,Jeremy Cheng,2025-10-09,23:33:41,-07:00,2025-10-09T23:33:41-07:00,1,17
style.css,135,css,a73d3946,Jeremy Cheng,2025-10-09,23:33:41,-07:00,2025-10-09T23:33:41-07:00,1,16
style.css,136,css,a73d3946,Jeremy Cheng,2025-10-09,23:33:41,-07:00,2025-10-09T23:33:41-07:00,1,14
style.css,137,css,a73d3946,Jeremy Cheng,2025-10-09,23:33:41,-07:00,2025-10-09T23:33:41-07:00,0,0
style.css,138,css,a73d3946,Jeremy Cheng,2025-10-09,23:33:41,-07:00,2025-10-09T23:33:41-07:00,0,0
style.css,139,css,a73d3946,Jeremy Cheng,2025-10-09,23:33:41,-07:00,2025-10-09T23:33:41-07:00,0,12
style.css,140,css,a73d3946,Jeremy Cheng,2025-10-09,23:33:41,-07:00,2025-10-09T23:33:41-07:00,1,57
style.css,141,css,950a184,Jeremy Cheng,2025-09-30,17:40:11,-07:00,2025-09-30T17:40:11-07:00,0,0
style.css,142,css,4b96cee5,Jeremy Cheng,2025-10-10,11:52:47,-07:00,2025-10-10T11:52:47-07:00,0,0
style.css,143,css,4b96cee5,Jeremy Cheng,2025-10-10,11:52:47,-07:00,2025-10-10T11:52:47-07:00,0,32
style.css,144,css,4b96cee5,Jeremy Cheng,2025-10-10,11:52:47,-07:00,2025-10-10T11:52:47-07:00,0,4
style.css,145,css,4b96cee5,Jeremy Cheng,2025-10-10,11:52:47,-07:00,2025-10-10T11:52:47-07:00,1,12
style.css,146,css,4b96cee5,Jeremy Cheng,2025-10-10,11:52:47,-07:00,2025-10-10T11:52:47-07:00,1,30
style.css,147,css,4b96cee5,Jeremy Cheng,2025-10-10,11:52:47,-07:00,2025-10-10T11:52:47-07:00,1,7
style.css,148,css,4b96cee5,Jeremy Cheng,2025-10-10,11:52:47,-07:00,2025-10-10T11:52:47-07:00,0,0
style.css,149,css,4b96cee5,Jeremy Cheng,2025-10-10,11:52:47,-07:00,2025-10-10T11:52:47-07:00,0,0
style.css,150,css,4b96cee5,Jeremy Cheng,2025-10-10,11:52:47,-07:00,2025-10-10T11:52:47-07:00,0,5
style.css,151,css,4b96cee5,Jeremy Cheng,2025-10-10,11:52:47,-07:00,2025-10-10T11:52:47-07:00,1,12
style.css,152,css,4b96cee5,Jeremy Cheng,2025-10-10,11:52:47,-07:00,2025-10-10T11:52:47-07:00,1,29
style.css,153,css,4b96cee5,Jeremy Cheng,2025-10-10,11:52:47,-07:00,2025-10-10T11:52:47-07:00,0,0
style.css,154,css,4b96cee5,Jeremy Cheng,2025-10-10,11:52:47,-07:00,2025-10-10T11:52:47-07:00,0,0
style.css,155,css,4b96cee5,Jeremy Cheng,2025-10-10,11:52:47,-07:00,2025-10-10T11:52:47-07:00,0,6
style.css,156,css,4b96cee5,Jeremy Cheng,2025-10-10,11:52:47,-07:00,2025-10-10T11:52:47-07:00,1,18
style.css,157,css,4b96cee5,Jeremy Cheng,2025-10-10,11:52:47,-07:00,2025-10-10T11:52:47-07:00,0,0
style.css,158,css,ff12dddc,Jeremy Cheng,2025-10-10,12:25:18,-07:00,2025-10-10T12:25:18-07:00,0,0
style.css,159,css,ff12dddc,Jeremy Cheng,2025-10-10,12:25:18,-07:00,2025-10-10T12:25:18-07:00,0,28
style.css,160,css,ff12dddc,Jeremy Cheng,2025-10-10,12:25:18,-07:00,2025-10-10T12:25:18-07:00,0,9
style.css,161,css,ff12dddc,Jeremy Cheng,2025-10-10,12:25:18,-07:00,2025-10-10T12:25:18-07:00,1,12
style.css,162,css,ff12dddc,Jeremy Cheng,2025-10-10,12:25:18,-07:00,2025-10-10T12:25:18-07:00,1,58
style.css,163,css,759c52e6,Jeremy Cheng,2025-10-10,12:36:25,-07:00,2025-10-10T12:36:25-07:00,1,7
style.css,164,css,ff12dddc,Jeremy Cheng,2025-10-10,12:25:18,-07:00,2025-10-10T12:25:18-07:00,0,0
style.css,165,css,ff12dddc,Jeremy Cheng,2025-10-10,12:25:18,-07:00,2025-10-10T12:25:18-07:00,0,0
style.css,166,css,ff12dddc,Jeremy Cheng,2025-10-10,12:25:18,-07:00,2025-10-10T12:25:18-07:00,0,37
style.css,167,css,ff12dddc,Jeremy Cheng,2025-10-10,12:25:18,-07:00,2025-10-10T12:25:18-07:00,0,17
style.css,168,css,ad5e32ef,Jeremy Cheng,2025-10-29,13:56:42,-07:00,2025-10-29T13:56:42-07:00,1,12
style.css,169,css,ad5e32ef,Jeremy Cheng,2025-10-29,13:56:42,-07:00,2025-10-29T13:56:42-07:00,1,21
style.css,170,css,ad5e32ef,Jeremy Cheng,2025-10-29,13:56:42,-07:00,2025-10-29T13:56:42-07:00,1,22
style.css,171,css,ad5e32ef,Jeremy Cheng,2025-10-29,13:56:42,-07:00,2025-10-29T13:56:42-07:00,1,10
style.css,172,css,759c52e6,Jeremy Cheng,2025-10-10,12:36:25,-07:00,2025-10-10T12:36:25-07:00,1,8
style.css,173,css,ad5e32ef,Jeremy Cheng,2025-10-29,13:56:42,-07:00,2025-10-29T13:56:42-07:00,1,13
style.css,174,css,ad5e32ef,Jeremy Cheng,2025-10-29,13:56:42,-07:00,2025-10-29T13:56:42-07:00,1,17
style.css,175,css,ad5e32ef,Jeremy Cheng,2025-10-29,13:56:42,-07:00,2025-10-29T13:56:42-07:00,1,57
style.css,176,css,ff12dddc,Jeremy Cheng,2025-10-10,12:25:18,-07:00,2025-10-10T12:25:18-07:00,0,0
style.css,177,css,ff12dddc,Jeremy Cheng,2025-10-10,12:25:18,-07:00,2025-10-10T12:25:18-07:00,0,0
style.css,178,css,ff12dddc,Jeremy Cheng,2025-10-10,12:25:18,-07:00,2025-10-10T12:25:18-07:00,0,27
style.css,179,css,ff12dddc,Jeremy Cheng,2025-10-10,12:25:18,-07:00,2025-10-10T12:25:18-07:00,0,12
style.css,180,css,ff12dddc,Jeremy Cheng,2025-10-10,12:25:18,-07:00,2025-10-10T12:25:18-07:00,1,8
style.css,181,css,ff12dddc,Jeremy Cheng,2025-10-10,12:25:18,-07:00,2025-10-10T12:25:18-07:00,0,0
style.css,182,css,759c52e6,Jeremy Cheng,2025-10-10,12:36:25,-07:00,2025-10-10T12:36:25-07:00,0,0
style.css,183,css,759c52e6,Jeremy Cheng,2025-10-10,12:36:25,-07:00,2025-10-10T12:36:25-07:00,0,12
style.css,184,css,759c52e6,Jeremy Cheng,2025-10-10,12:36:25,-07:00,2025-10-10T12:36:25-07:00,0,1
style.css,185,css,759c52e6,Jeremy Cheng,2025-10-10,12:36:25,-07:00,2025-10-10T12:36:25-07:00,0,1
style.css,186,css,759c52e6,Jeremy Cheng,2025-10-10,12:36:25,-07:00,2025-10-10T12:36:25-07:00,0,1
style.css,187,css,759c52e6,Jeremy Cheng,2025-10-10,12:36:25,-07:00,2025-10-10T12:36:25-07:00,0,1
style.css,188,css,759c52e6,Jeremy Cheng,2025-10-10,12:36:25,-07:00,2025-10-10T12:36:25-07:00,0,1
style.css,189,css,759c52e6,Jeremy Cheng,2025-10-10,12:36:25,-07:00,2025-10-10T12:36:25-07:00,0,2
style.css,190,css,759c52e6,Jeremy Cheng,2025-10-10,12:36:25,-07:00,2025-10-10T12:36:25-07:00,1,15
style.css,191,css,759c52e6,Jeremy Cheng,2025-10-10,12:36:25,-07:00,2025-10-10T12:36:25-07:00,1,17
style.css,192,css,759c52e6,Jeremy Cheng,2025-10-10,12:36:25,-07:00,2025-10-10T12:36:25-07:00,0,0
style.css,193,css,759c52e6,Jeremy Cheng,2025-10-10,12:36:25,-07:00,2025-10-10T12:36:25-07:00,0,0
style.css,194,css,759c52e6,Jeremy Cheng,2025-10-10,12:36:25,-07:00,2025-10-10T12:36:25-07:00,0,40
style.css,195,css,759c52e6,Jeremy Cheng,2025-10-10,12:36:25,-07:00,2025-10-10T12:36:25-07:00,0,2
style.css,196,css,759c52e6,Jeremy Cheng,2025-10-10,12:36:25,-07:00,2025-10-10T12:36:25-07:00,1,13
style.css,197,css,759c52e6,Jeremy Cheng,2025-10-10,12:36:25,-07:00,2025-10-10T12:36:25-07:00,0,0
style.css,198,css,759c52e6,Jeremy Cheng,2025-10-10,12:36:25,-07:00,2025-10-10T12:36:25-07:00,0,0
style.css,199,css,759c52e6,Jeremy Cheng,2025-10-10,12:36:25,-07:00,2025-10-10T12:36:25-07:00,0,2
style.css,200,css,759c52e6,Jeremy Cheng,2025-10-10,12:36:25,-07:00,2025-10-10T12:36:25-07:00,1,13
style.css,201,css,759c52e6,Jeremy Cheng,2025-10-10,12:36:25,-07:00,2025-10-10T12:36:25-07:00,0,0
style.css,202,css,d25eb474,Jeremy Cheng,2025-10-10,12:52:43,-07:00,2025-10-10T12:52:43-07:00,0,0
style.css,203,css,d25eb474,Jeremy Cheng,2025-10-10,12:52:43,-07:00,2025-10-10T12:52:43-07:00,0,18
style.css,204,css,d25eb474,Jeremy Cheng,2025-10-10,12:52:43,-07:00,2025-10-10T12:52:43-07:00,0,7
style.css,205,css,d25eb474,Jeremy Cheng,2025-10-10,12:52:43,-07:00,2025-10-10T12:52:43-07:00,1,17
style.css,206,css,d25eb474,Jeremy Cheng,2025-10-10,12:52:43,-07:00,2025-10-10T12:52:43-07:00,0,0
style.css,207,css,d25eb474,Jeremy Cheng,2025-10-10,12:52:43,-07:00,2025-10-10T12:52:43-07:00,0,0
style.css,208,css,d25eb474,Jeremy Cheng,2025-10-10,12:52:43,-07:00,2025-10-10T12:52:43-07:00,0,10
style.css,209,css,d25eb474,Jeremy Cheng,2025-10-10,12:52:43,-07:00,2025-10-10T12:52:43-07:00,1,41
style.css,210,css,d25eb474,Jeremy Cheng,2025-10-10,12:52:43,-07:00,2025-10-10T12:52:43-07:00,1,20
style.css,211,css,d25eb474,Jeremy Cheng,2025-10-10,12:52:43,-07:00,2025-10-10T12:52:43-07:00,1,17
style.css,212,css,d25eb474,Jeremy Cheng,2025-10-10,12:52:43,-07:00,2025-10-10T12:52:43-07:00,1,13
style.css,213,css,d25eb474,Jeremy Cheng,2025-10-10,12:52:43,-07:00,2025-10-10T12:52:43-07:00,0,0
style.css,214,css,d25eb474,Jeremy Cheng,2025-10-10,12:52:43,-07:00,2025-10-10T12:52:43-07:00,0,0
style.css,215,css,d25eb474,Jeremy Cheng,2025-10-10,12:52:43,-07:00,2025-10-10T12:52:43-07:00,0,7
style.css,216,css,d25eb474,Jeremy Cheng,2025-10-10,12:52:43,-07:00,2025-10-10T12:52:43-07:00,1,19
style.css,217,css,d25eb474,Jeremy Cheng,2025-10-10,12:52:43,-07:00,2025-10-10T12:52:43-07:00,0,0
style.css,218,css,d25eb474,Jeremy Cheng,2025-10-10,12:52:43,-07:00,2025-10-10T12:52:43-07:00,0,0
style.css,219,css,d25eb474,Jeremy Cheng,2025-10-10,12:52:43,-07:00,2025-10-10T12:52:43-07:00,0,10
style.css,220,css,d25eb474,Jeremy Cheng,2025-10-10,12:52:43,-07:00,2025-10-10T12:52:43-07:00,1,16
style.css,221,css,d25eb474,Jeremy Cheng,2025-10-10,12:52:43,-07:00,2025-10-10T12:52:43-07:00,1,15
style.css,222,css,d25eb474,Jeremy Cheng,2025-10-10,12:52:43,-07:00,2025-10-10T12:52:43-07:00,0,0
style.css,223,css,d25eb474,Jeremy Cheng,2025-10-10,12:52:43,-07:00,2025-10-10T12:52:43-07:00,0,0
style.css,224,css,d25eb474,Jeremy Cheng,2025-10-10,12:52:43,-07:00,2025-10-10T12:52:43-07:00,0,12
style.css,225,css,d25eb474,Jeremy Cheng,2025-10-10,12:52:43,-07:00,2025-10-10T12:52:43-07:00,1,13
style.css,226,css,d25eb474,Jeremy Cheng,2025-10-10,12:52:43,-07:00,2025-10-10T12:52:43-07:00,1,15
style.css,227,css,764e9407,Jeremy Cheng,2025-10-17,15:43:30,-07:00,2025-10-17T15:43:30-07:00,1,16
style.css,228,css,d25eb474,Jeremy Cheng,2025-10-10,12:52:43,-07:00,2025-10-10T12:52:43-07:00,0,0
style.css,229,css,d25eb474,Jeremy Cheng,2025-10-10,12:52:43,-07:00,2025-10-10T12:52:43-07:00,0,0
style.css,230,css,d25eb474,Jeremy Cheng,2025-10-10,12:52:43,-07:00,2025-10-10T12:52:43-07:00,0,5
style.css,231,css,d25eb474,Jeremy Cheng,2025-10-10,12:52:43,-07:00,2025-10-10T12:52:43-07:00,1,19
style.css,232,css,d25eb474,Jeremy Cheng,2025-10-10,12:52:43,-07:00,2025-10-10T12:52:43-07:00,1,17
style.css,233,css,d25eb474,Jeremy Cheng,2025-10-10,12:52:43,-07:00,2025-10-10T12:52:43-07:00,0,0
style.css,234,css,254112ab,Jeremy Cheng,2025-10-10,13:32:30,-07:00,2025-10-10T13:32:30-07:00,0,0
style.css,235,css,254112ab,Jeremy Cheng,2025-10-10,13:32:30,-07:00,2025-10-10T13:32:30-07:00,0,11
style.css,236,css,254112ab,Jeremy Cheng,2025-10-10,13:32:30,-07:00,2025-10-10T13:32:30-07:00,0,15
style.css,237,css,254112ab,Jeremy Cheng,2025-10-10,13:32:30,-07:00,2025-10-10T13:32:30-07:00,1,18
style.css,238,css,254112ab,Jeremy Cheng,2025-10-10,13:32:30,-07:00,2025-10-10T13:32:30-07:00,0,0
style.css,239,css,524ad70f,Jeremy Cheng,2025-10-23,20:52:20,-07:00,2025-10-23T20:52:20-07:00,0,0
style.css,240,css,524ad70f,Jeremy Cheng,2025-10-23,20:52:20,-07:00,2025-10-23T20:52:20-07:00,0,26
style.css,241,css,524ad70f,Jeremy Cheng,2025-10-23,20:52:20,-07:00,2025-10-23T20:52:20-07:00,0,13
style.css,242,css,524ad70f,Jeremy Cheng,2025-10-23,20:52:20,-07:00,2025-10-23T20:52:20-07:00,1,12
style.css,243,css,524ad70f,Jeremy Cheng,2025-10-23,20:52:20,-07:00,2025-10-23T20:52:20-07:00,1,29
style.css,244,css,524ad70f,Jeremy Cheng,2025-10-23,20:52:20,-07:00,2025-10-23T20:52:20-07:00,1,22
style.css,245,css,524ad70f,Jeremy Cheng,2025-10-23,20:52:20,-07:00,2025-10-23T20:52:20-07:00,1,14
style.css,246,css,524ad70f,Jeremy Cheng,2025-10-23,20:52:20,-07:00,2025-10-23T20:52:20-07:00,1,15
style.css,247,css,524ad70f,Jeremy Cheng,2025-10-23,20:52:20,-07:00,2025-10-23T20:52:20-07:00,1,16
style.css,248,css,524ad70f,Jeremy Cheng,2025-10-23,20:52:20,-07:00,2025-10-23T20:52:20-07:00,1,14
style.css,249,css,524ad70f,Jeremy Cheng,2025-10-23,20:52:20,-07:00,2025-10-23T20:52:20-07:00,1,17
style.css,250,css,524ad70f,Jeremy Cheng,2025-10-23,20:52:20,-07:00,2025-10-23T20:52:20-07:00,1,17
style.css,251,css,524ad70f,Jeremy Cheng,2025-10-23,20:52:20,-07:00,2025-10-23T20:52:20-07:00,0,0
style.css,252,css,524ad70f,Jeremy Cheng,2025-10-23,20:52:20,-07:00,2025-10-23T20:52:20-07:00,0,0
style.css,253,css,524ad70f,Jeremy Cheng,2025-10-23,20:52:20,-07:00,2025-10-23T20:52:20-07:00,0,17
style.css,254,css,524ad70f,Jeremy Cheng,2025-10-23,20:52:20,-07:00,2025-10-23T20:52:20-07:00,0,19
style.css,255,css,524ad70f,Jeremy Cheng,2025-10-23,20:52:20,-07:00,2025-10-23T20:52:20-07:00,1,6
style.css,256,css,524ad70f,Jeremy Cheng,2025-10-23,20:52:20,-07:00,2025-10-23T20:52:20-07:00,1,15
style.css,257,css,524ad70f,Jeremy Cheng,2025-10-23,20:52:20,-07:00,2025-10-23T20:52:20-07:00,0,0
style.css,258,css,524ad70f,Jeremy Cheng,2025-10-23,20:52:20,-07:00,2025-10-23T20:52:20-07:00,0,0
style.css,259,css,524ad70f,Jeremy Cheng,2025-10-23,20:52:20,-07:00,2025-10-23T20:52:20-07:00,0,10
style.css,260,css,524ad70f,Jeremy Cheng,2025-10-23,20:52:20,-07:00,2025-10-23T20:52:20-07:00,0,22
style.css,261,css,524ad70f,Jeremy Cheng,2025-10-23,20:52:20,-07:00,2025-10-23T20:52:20-07:00,1,17
style.css,262,css,524ad70f,Jeremy Cheng,2025-10-23,20:52:20,-07:00,2025-10-23T20:52:20-07:00,1,15
style.css,263,css,524ad70f,Jeremy Cheng,2025-10-23,20:52:20,-07:00,2025-10-23T20:52:20-07:00,1,24
style.css,264,css,524ad70f,Jeremy Cheng,2025-10-23,20:52:20,-07:00,2025-10-23T20:52:20-07:00,1,10
style.css,265,css,524ad70f,Jeremy Cheng,2025-10-23,20:52:20,-07:00,2025-10-23T20:52:20-07:00,1,17
style.css,266,css,524ad70f,Jeremy Cheng,2025-10-23,20:52:20,-07:00,2025-10-23T20:52:20-07:00,1,21
style.css,267,css,524ad70f,Jeremy Cheng,2025-10-23,20:52:20,-07:00,2025-10-23T20:52:20-07:00,0,0
style.css,268,css,524ad70f,Jeremy Cheng,2025-10-23,20:52:20,-07:00,2025-10-23T20:52:20-07:00,0,0
style.css,269,css,524ad70f,Jeremy Cheng,2025-10-23,20:52:20,-07:00,2025-10-23T20:52:20-07:00,0,10
style.css,270,css,524ad70f,Jeremy Cheng,2025-10-23,20:52:20,-07:00,2025-10-23T20:52:20-07:00,0,21
style.css,271,css,524ad70f,Jeremy Cheng,2025-10-23,20:52:20,-07:00,2025-10-23T20:52:20-07:00,1,17
style.css,272,css,524ad70f,Jeremy Cheng,2025-10-23,20:52:20,-07:00,2025-10-23T20:52:20-07:00,1,15
style.css,273,css,524ad70f,Jeremy Cheng,2025-10-23,20:52:20,-07:00,2025-10-23T20:52:20-07:00,1,8
style.css,274,css,524ad70f,Jeremy Cheng,2025-10-23,20:52:20,-07:00,2025-10-23T20:52:20-07:00,1,13
style.css,275,css,524ad70f,Jeremy Cheng,2025-10-23,20:52:20,-07:00,2025-10-23T20:52:20-07:00,1,49
style.css,276,css,524ad70f,Jeremy Cheng,2025-10-23,20:52:20,-07:00,2025-10-23T20:52:20-07:00,0,0
style.css,277,css,524ad70f,Jeremy Cheng,2025-10-23,20:52:20,-07:00,2025-10-23T20:52:20-07:00,0,0
style.css,278,css,524ad70f,Jeremy Cheng,2025-10-23,20:52:20,-07:00,2025-10-23T20:52:20-07:00,0,24
style.css,279,css,524ad70f,Jeremy Cheng,2025-10-23,20:52:20,-07:00,2025-10-23T20:52:20-07:00,0,36
style.css,280,css,524ad70f,Jeremy Cheng,2025-10-23,20:52:20,-07:00,2025-10-23T20:52:20-07:00,1,30
style.css,281,css,524ad70f,Jeremy Cheng,2025-10-23,20:52:20,-07:00,2025-10-23T20:52:20-07:00,0,0
style.css,282,css,524ad70f,Jeremy Cheng,2025-10-23,20:52:20,-07:00,2025-10-23T20:52:20-07:00,0,0
style.css,283,css,524ad70f,Jeremy Cheng,2025-10-23,20:52:20,-07:00,2025-10-23T20:52:20-07:00,0,26
style.css,284,css,524ad70f,Jeremy Cheng,2025-10-23,20:52:20,-07:00,2025-10-23T20:52:20-07:00,0,23
style.css,285,css,524ad70f,Jeremy Cheng,2025-10-23,20:52:20,-07:00,2025-10-23T20:52:20-07:00,1,28
style.css,286,css,524ad70f,Jeremy Cheng,2025-10-23,20:52:20,-07:00,2025-10-23T20:52:20-07:00,0,0
style.css,287,css,524ad70f,Jeremy Cheng,2025-10-23,20:52:20,-07:00,2025-10-23T20:52:20-07:00,0,0
style.css,288,css,524ad70f,Jeremy Cheng,2025-10-23,20:52:20,-07:00,2025-10-23T20:52:20-07:00,0,32
style.css,289,css,524ad70f,Jeremy Cheng,2025-10-23,20:52:20,-07:00,2025-10-23T20:52:20-07:00,1,43
style.css,290,css,524ad70f,Jeremy Cheng,2025-10-23,20:52:20,-07:00,2025-10-23T20:52:20-07:00,0,0
style.css,291,css,524ad70f,Jeremy Cheng,2025-10-23,20:52:20,-07:00,2025-10-23T20:52:20-07:00,0,0
style.css,292,css,524ad70f,Jeremy Cheng,2025-10-23,20:52:20,-07:00,2025-10-23T20:52:20-07:00,0,31
style.css,293,css,524ad70f,Jeremy Cheng,2025-10-23,20:52:20,-07:00,2025-10-23T20:52:20-07:00,1,24
style.css,294,css,524ad70f,Jeremy Cheng,2025-10-23,20:52:20,-07:00,2025-10-23T20:52:20-07:00,1,44
style.css,295,css,524ad70f,Jeremy Cheng,2025-10-23,20:52:20,-07:00,2025-10-23T20:52:20-07:00,0,0
style.css,296,css,524ad70f,Jeremy Cheng,2025-10-23,20:52:20,-07:00,2025-10-23T20:52:20-07:00,0,0
style.css,297,css,524ad70f,Jeremy Cheng,2025-10-23,20:52:20,-07:00,2025-10-23T20:52:20-07:00,0,46
style.css,298,css,524ad70f,Jeremy Cheng,2025-10-23,20:52:20,-07:00,2025-10-23T20:52:20-07:00,1,38
style.css,299,css,524ad70f,Jeremy Cheng,2025-10-23,20:52:20,-07:00,2025-10-23T20:52:20-07:00,0,0
style.css,300,css,c0d1cb12,Jeremy Cheng,2025-10-23,21:06:10,-07:00,2025-10-23T21:06:10-07:00,0,0
style.css,301,css,c0d1cb12,Jeremy Cheng,2025-10-23,21:06:10,-07:00,2025-10-23T21:06:10-07:00,0,13
style.css,302,css,c0d1cb12,Jeremy Cheng,2025-10-23,21:06:10,-07:00,2025-10-23T21:06:10-07:00,1,43
style.css,303,css,c0d1cb12,Jeremy Cheng,2025-10-23,21:06:10,-07:00,2025-10-23T21:06:10-07:00,1,41
style.css,304,css,c0d1cb12,Jeremy Cheng,2025-10-23,21:06:10,-07:00,2025-10-23T21:06:10-07:00,1,36
style.css,305,css,c0d1cb12,Jeremy Cheng,2025-10-23,21:06:10,-07:00,2025-10-23T21:06:10-07:00,1,48
style.css,306,css,c0d1cb12,Jeremy Cheng,2025-10-23,21:06:10,-07:00,2025-10-23T21:06:10-07:00,1,13
style.css,307,css,c0d1cb12,Jeremy Cheng,2025-10-23,21:06:10,-07:00,2025-10-23T21:06:10-07:00,1,29
style.css,308,css,c0d1cb12,Jeremy Cheng,2025-10-23,21:06:10,-07:00,2025-10-23T21:06:10-07:00,1,48
style.css,309,css,c0d1cb12,Jeremy Cheng,2025-10-23,21:06:10,-07:00,2025-10-23T21:06:10-07:00,0,0
style.css,310,css,ad5e32ef,Jeremy Cheng,2025-10-29,13:56:42,-07:00,2025-10-29T13:56:42-07:00,0,0
style.css,311,css,ad5e32ef,Jeremy Cheng,2025-10-29,13:56:42,-07:00,2025-10-29T13:56:42-07:00,0,14
style.css,312,css,a7bed514,Jeremy Cheng,2025-10-29,14:13:43,-07:00,2025-10-29T14:13:43-07:00,1,28
style.css,313,css,ad5e32ef,Jeremy Cheng,2025-10-29,13:56:42,-07:00,2025-10-29T13:56:42-07:00,1,14
style.css,314,css,ad5e32ef,Jeremy Cheng,2025-10-29,13:56:42,-07:00,2025-10-29T13:56:42-07:00,1,16
style.css,315,css,a7bed514,Jeremy Cheng,2025-10-29,14:13:43,-07:00,2025-10-29T14:13:43-07:00,1,15
style.css,316,css,ad5e32ef,Jeremy Cheng,2025-10-29,13:56:42,-07:00,2025-10-29T13:56:42-07:00,1,13
style.css,317,css,ad5e32ef,Jeremy Cheng,2025-10-29,13:56:42,-07:00,2025-10-29T13:56:42-07:00,1,16
style.css,318,css,a7bed514,Jeremy Cheng,2025-10-29,14:13:43,-07:00,2025-10-29T14:13:43-07:00,1,13
style.css,319,css,ad5e32ef,Jeremy Cheng,2025-10-29,13:56:42,-07:00,2025-10-29T13:56:42-07:00,0,0
style.css,320,css,ad5e32ef,Jeremy Cheng,2025-10-29,13:56:42,-07:00,2025-10-29T13:56:42-07:00,0,0
style.css,321,css,ad5e32ef,Jeremy Cheng,2025-10-29,13:56:42,-07:00,2025-10-29T13:56:42-07:00,0,32
style.css,322,css,ad5e32ef,Jeremy Cheng,2025-10-29,13:56:42,-07:00,2025-10-29T13:56:42-07:00,0,15
style.css,323,css,ccea5a1c,Jeremy Cheng,2025-10-29,14:06:11,-07:00,2025-10-29T14:06:11-07:00,1,14
style.css,324,css,ccea5a1c,Jeremy Cheng,2025-10-29,14:06:11,-07:00,2025-10-29T14:06:11-07:00,1,17
style.css,325,css,ccea5a1c,Jeremy Cheng,2025-10-29,14:06:11,-07:00,2025-10-29T14:06:11-07:00,1,9
style.css,326,css,ad5e32ef,Jeremy Cheng,2025-10-29,13:56:42,-07:00,2025-10-29T13:56:42-07:00,1,12
style.css,327,css,ccea5a1c,Jeremy Cheng,2025-10-29,14:06:11,-07:00,2025-10-29T14:06:11-07:00,1,37
style.css,328,css,ccea5a1c,Jeremy Cheng,2025-10-29,14:06:11,-07:00,2025-10-29T14:06:11-07:00,1,18
style.css,329,css,a7bed514,Jeremy Cheng,2025-10-29,14:13:43,-07:00,2025-10-29T14:13:43-07:00,1,10
style.css,330,css,a7bed514,Jeremy Cheng,2025-10-29,14:13:43,-07:00,2025-10-29T14:13:43-07:00,1,60
style.css,331,css,a7bed514,Jeremy Cheng,2025-10-29,14:13:43,-07:00,2025-10-29T14:13:43-07:00,1,61
style.css,332,css,ad5e32ef,Jeremy Cheng,2025-10-29,13:56:42,-07:00,2025-10-29T13:56:42-07:00,0,0
style.css,333,css,ad5e32ef,Jeremy Cheng,2025-10-29,13:56:42,-07:00,2025-10-29T13:56:42-07:00,0,0
style.css,334,css,ad5e32ef,Jeremy Cheng,2025-10-29,13:56:42,-07:00,2025-10-29T13:56:42-07:00,0,20
style.css,335,css,ad5e32ef,Jeremy Cheng,2025-10-29,13:56:42,-07:00,2025-10-29T13:56:42-07:00,0,7
style.css,336,css,ccea5a1c,Jeremy Cheng,2025-10-29,14:06:11,-07:00,2025-10-29T14:06:11-07:00,1,45
style.css,337,css,a7bed514,Jeremy Cheng,2025-10-29,14:13:43,-07:00,2025-10-29T14:13:43-07:00,1,56
style.css,338,css,a7bed514,Jeremy Cheng,2025-10-29,14:13:43,-07:00,2025-10-29T14:13:43-07:00,1,16
style.css,339,css,ad5e32ef,Jeremy Cheng,2025-10-29,13:56:42,-07:00,2025-10-29T13:56:42-07:00,1,15
style.css,340,css,ccea5a1c,Jeremy Cheng,2025-10-29,14:06:11,-07:00,2025-10-29T14:06:11-07:00,1,18
style.css,341,css,ccea5a1c,Jeremy Cheng,2025-10-29,14:06:11,-07:00,2025-10-29T14:06:11-07:00,1,8
style.css,342,css,ccea5a1c,Jeremy Cheng,2025-10-29,14:06:11,-07:00,2025-10-29T14:06:11-07:00,1,34
style.css,343,css,ccea5a1c,Jeremy Cheng,2025-10-29,14:06:11,-07:00,2025-10-29T14:06:11-07:00,1,17
style.css,344,css,ccea5a1c,Jeremy Cheng,2025-10-29,14:06:11,-07:00,2025-10-29T14:06:11-07:00,1,57
style.css,345,css,a7bed514,Jeremy Cheng,2025-10-29,14:13:43,-07:00,2025-10-29T14:13:43-07:00,1,56
style.css,346,css,a7bed514,Jeremy Cheng,2025-10-29,14:13:43,-07:00,2025-10-29T14:13:43-07:00,1,37
style.css,347,css,a7bed514,Jeremy Cheng,2025-10-29,14:13:43,-07:00,2025-10-29T14:13:43-07:00,0,0
style.css,348,css,a7bed514,Jeremy Cheng,2025-10-29,14:13:43,-07:00,2025-10-29T14:13:43-07:00,0,0
style.css,349,css,a7bed514,Jeremy Cheng,2025-10-29,14:13:43,-07:00,2025-10-29T14:13:43-07:00,0,81
style.css,350,css,a7bed514,Jeremy Cheng,2025-10-29,14:13:43,-07:00,2025-10-29T14:13:43-07:00,0,25
style.css,351,css,a7bed514,Jeremy Cheng,2025-10-29,14:13:43,-07:00,2025-10-29T14:13:43-07:00,1,15
style.css,352,css,a7bed514,Jeremy Cheng,2025-10-29,14:13:43,-07:00,2025-10-29T14:13:43-07:00,2,7
style.css,353,css,a7bed514,Jeremy Cheng,2025-10-29,14:13:43,-07:00,2025-10-29T14:13:43-07:00,1,0
style.css,354,css,a7bed514,Jeremy Cheng,2025-10-29,14:13:43,-07:00,2025-10-29T14:13:43-07:00,1,14
style.css,355,css,a7bed514,Jeremy Cheng,2025-10-29,14:13:43,-07:00,2025-10-29T14:13:43-07:00,2,28
style.css,356,css,a7bed514,Jeremy Cheng,2025-10-29,14:13:43,-07:00,2025-10-29T14:13:43-07:00,2,59
style.css,357,css,a7bed514,Jeremy Cheng,2025-10-29,14:13:43,-07:00,2025-10-29T14:13:43-07:00,1,0
style.css,358,css,a7bed514,Jeremy Cheng,2025-10-29,14:13:43,-07:00,2025-10-29T14:13:43-07:00,1,7
style.css,359,css,a7bed514,Jeremy Cheng,2025-10-29,14:13:43,-07:00,2025-10-29T14:13:43-07:00,2,56
style.css,360,css,a7bed514,Jeremy Cheng,2025-10-29,14:13:43,-07:00,2025-10-29T14:13:43-07:00,2,59
style.css,361,css,a7bed514,Jeremy Cheng,2025-10-29,14:13:43,-07:00,2025-10-29T14:13:43-07:00,2,16
style.css,362,css,a7bed514,Jeremy Cheng,2025-10-29,14:13:43,-07:00,2025-10-29T14:13:43-07:00,1,0
style.css,363,css,ad5e32ef,Jeremy Cheng,2025-10-29,13:56:42,-07:00,2025-10-29T13:56:42-07:00,0,0
style.css,364,css,ad5e32ef,Jeremy Cheng,2025-10-29,13:56:42,-07:00,2025-10-29T13:56:42-07:00,0,0
style.css,365,css,ad5e32ef,Jeremy Cheng,2025-10-29,13:56:42,-07:00,2025-10-29T13:56:42-07:00,0,9
style.css,366,css,ad5e32ef,Jeremy Cheng,2025-10-29,13:56:42,-07:00,2025-10-29T13:56:42-07:00,0,20
style.css,367,css,ad5e32ef,Jeremy Cheng,2025-10-29,13:56:42,-07:00,2025-10-29T13:56:42-07:00,1,12
style.css,368,css,ad5e32ef,Jeremy Cheng,2025-10-29,13:56:42,-07:00,2025-10-29T13:56:42-07:00,1,18
style.css,369,css,ccea5a1c,Jeremy Cheng,2025-10-29,14:06:11,-07:00,2025-10-29T14:06:11-07:00,1,9
style.css,370,css,ccea5a1c,Jeremy Cheng,2025-10-29,14:06:11,-07:00,2025-10-29T14:06:11-07:00,1,18
style.css,371,css,ad5e32ef,Jeremy Cheng,2025-10-29,13:56:42,-07:00,2025-10-29T13:56:42-07:00,0,0
style.css,372,css,ad5e32ef,Jeremy Cheng,2025-10-29,13:56:42,-07:00,2025-10-29T13:56:42-07:00,0,0
style.css,373,css,a7bed514,Jeremy Cheng,2025-10-29,14:13:43,-07:00,2025-10-29T14:13:43-07:00,0,25
style.css,374,css,a7bed514,Jeremy Cheng,2025-10-29,14:13:43,-07:00,2025-10-29T14:13:43-07:00,1,15
style.css,375,css,a7bed514,Jeremy Cheng,2025-10-29,14:13:43,-07:00,2025-10-29T14:13:43-07:00,2,10
style.css,376,css,a7bed514,Jeremy Cheng,2025-10-29,14:13:43,-07:00,2025-10-29T14:13:43-07:00,1,0
style.css,377,css,a7bed514,Jeremy Cheng,2025-10-29,14:13:43,-07:00,2025-10-29T14:13:43-07:00,1,7
style.css,378,css,a7bed514,Jeremy Cheng,2025-10-29,14:13:43,-07:00,2025-10-29T14:13:43-07:00,2,58
style.css,379,css,a7bed514,Jeremy Cheng,2025-10-29,14:13:43,-07:00,2025-10-29T14:13:43-07:00,1,0
style.css,380,css,a7bed514,Jeremy Cheng,2025-10-29,14:13:43,-07:00,2025-10-29T14:13:43-07:00,0,0
style.css,381,css,a7bed514,Jeremy Cheng,2025-10-29,14:13:43,-07:00,2025-10-29T14:13:43-07:00,0,0
style.css,382,css,a7bed514,Jeremy Cheng,2025-10-29,14:13:43,-07:00,2025-10-29T14:13:43-07:00,0,81
style.css,383,css,a7bed514,Jeremy Cheng,2025-10-29,14:13:43,-07:00,2025-10-29T14:13:43-07:00,0,0
style.css,384,css,ad5e32ef,Jeremy Cheng,2025-10-29,13:56:42,-07:00,2025-10-29T13:56:42-07:00,0,15
style.css,385,css,ad5e32ef,Jeremy Cheng,2025-10-29,13:56:42,-07:00,2025-10-29T13:56:42-07:00,1,9
style.css,386,css,ad5e32ef,Jeremy Cheng,2025-10-29,13:56:42,-07:00,2025-10-29T13:56:42-07:00,1,18
style.css,387,css,ad5e32ef,Jeremy Cheng,2025-10-29,13:56:42,-07:00,2025-10-29T13:56:42-07:00,1,29
style.css,388,css,ad5e32ef,Jeremy Cheng,2025-10-29,13:56:42,-07:00,2025-10-29T13:56:42-07:00,1,17
style.css,389,css,ad5e32ef,Jeremy Cheng,2025-10-29,13:56:42,-07:00,2025-10-29T13:56:42-07:00,1,20
style.css,390,css,ad5e32ef,Jeremy Cheng,2025-10-29,13:56:42,-07:00,2025-10-29T13:56:42-07:00,0,0
style.css,391,css,9fc47c08,Jeremy Cheng,2025-10-30,15:59:18,-07:00,2025-10-30T15:59:18-07:00,0,0
style.css,392,css,9fc47c08,Jeremy Cheng,2025-10-30,15:59:18,-07:00,2025-10-30T15:59:18-07:00,0,22
style.css,393,css,9fc47c08,Jeremy Cheng,2025-10-30,15:59:18,-07:00,2025-10-30T15:59:18-07:00,0,10
style.css,394,css,9fc47c08,Jeremy Cheng,2025-10-30,15:59:18,-07:00,2025-10-30T15:59:18-07:00,1,13
style.css,395,css,9fc47c08,Jeremy Cheng,2025-10-30,15:59:18,-07:00,2025-10-30T15:59:18-07:00,1,22
style.css,396,css,9fc47c08,Jeremy Cheng,2025-10-30,15:59:18,-07:00,2025-10-30T15:59:18-07:00,1,28
style.css,397,css,9fc47c08,Jeremy Cheng,2025-10-30,15:59:18,-07:00,2025-10-30T15:59:18-07:00,1,55
style.css,398,css,9fc47c08,Jeremy Cheng,2025-10-30,15:59:18,-07:00,2025-10-30T15:59:18-07:00,1,34
style.css,399,css,9fc47c08,Jeremy Cheng,2025-10-30,15:59:18,-07:00,2025-10-30T15:59:18-07:00,1,18
style.css,400,css,9fc47c08,Jeremy Cheng,2025-10-30,15:59:18,-07:00,2025-10-30T15:59:18-07:00,1,23
style.css,401,css,9fc47c08,Jeremy Cheng,2025-10-30,15:59:18,-07:00,2025-10-30T15:59:18-07:00,1,13
style.css,402,css,9fc47c08,Jeremy Cheng,2025-10-30,15:59:18,-07:00,2025-10-30T15:59:18-07:00,1,12
style.css,403,css,9fc47c08,Jeremy Cheng,2025-10-30,15:59:18,-07:00,2025-10-30T15:59:18-07:00,1,297
style.css,404,css,9fc47c08,Jeremy Cheng,2025-10-30,15:59:18,-07:00,2025-10-30T15:59:18-07:00,1,27
style.css,405,css,9fc47c08,Jeremy Cheng,2025-10-30,15:59:18,-07:00,2025-10-30T15:59:18-07:00,1,32
style.css,406,css,9fc47c08,Jeremy Cheng,2025-10-30,15:59:18,-07:00,2025-10-30T15:59:18-07:00,1,25
style.css,407,css,9fc47c08,Jeremy Cheng,2025-10-30,15:59:18,-07:00,2025-10-30T15:59:18-07:00,0,0
style.css,408,css,9fc47c08,Jeremy Cheng,2025-10-30,15:59:18,-07:00,2025-10-30T15:59:18-07:00,0,0
style.css,409,css,9fc47c08,Jeremy Cheng,2025-10-30,15:59:18,-07:00,2025-10-30T15:59:18-07:00,0,23
style.css,410,css,9fc47c08,Jeremy Cheng,2025-10-30,15:59:18,-07:00,2025-10-30T15:59:18-07:00,1,23
style.css,411,css,9fc47c08,Jeremy Cheng,2025-10-30,15:59:18,-07:00,2025-10-30T15:59:18-07:00,0,0
style.css,412,css,9fc47c08,Jeremy Cheng,2025-10-30,15:59:18,-07:00,2025-10-30T15:59:18-07:00,0,0
style.css,413,css,9fc47c08,Jeremy Cheng,2025-10-30,15:59:18,-07:00,2025-10-30T15:59:18-07:00,0,16
style.css,414,css,9fc47c08,Jeremy Cheng,2025-10-30,15:59:18,-07:00,2025-10-30T15:59:18-07:00,1,32
style.css,415,css,9fc47c08,Jeremy Cheng,2025-10-30,15:59:18,-07:00,2025-10-30T15:59:18-07:00,1,19
style.css,416,css,9fc47c08,Jeremy Cheng,2025-10-30,15:59:18,-07:00,2025-10-30T15:59:18-07:00,2,56
style.css,417,css,9fc47c08,Jeremy Cheng,2025-10-30,15:59:18,-07:00,2025-10-30T15:59:18-07:00,0,0
style.css,418,css,c15c27ea,Jeremy Cheng,2025-10-30,16:12:46,-07:00,2025-10-30T16:12:46-07:00,0,0
style.css,419,css,c15c27ea,Jeremy Cheng,2025-10-30,16:12:46,-07:00,2025-10-30T16:12:46-07:00,0,21
style.css,420,css,c15c27ea,Jeremy Cheng,2025-10-30,16:12:46,-07:00,2025-10-30T16:12:46-07:00,0,19
style.css,421,css,c15c27ea,Jeremy Cheng,2025-10-30,16:12:46,-07:00,2025-10-30T16:12:46-07:00,1,16
style.css,422,css,c15c27ea,Jeremy Cheng,2025-10-30,16:12:46,-07:00,2025-10-30T16:12:46-07:00,1,14
style.css,423,css,c15c27ea,Jeremy Cheng,2025-10-30,16:12:46,-07:00,2025-10-30T16:12:46-07:00,0,0
style.css,424,css,c15c27ea,Jeremy Cheng,2025-10-30,16:12:46,-07:00,2025-10-30T16:12:46-07:00,0,0
style.css,425,css,c15c27ea,Jeremy Cheng,2025-10-30,16:12:46,-07:00,2025-10-30T16:12:46-07:00,0,47
style.css,426,css,c15c27ea,Jeremy Cheng,2025-10-30,16:12:46,-07:00,2025-10-30T16:12:46-07:00,1,12
style.css,427,css,c15c27ea,Jeremy Cheng,2025-10-30,16:12:46,-07:00,2025-10-30T16:12:46-07:00,0,0
style.css,428,css,c15c27ea,Jeremy Cheng,2025-10-30,16:12:46,-07:00,2025-10-30T16:12:46-07:00,0,0
style.css,429,css,c15c27ea,Jeremy Cheng,2025-10-30,16:12:46,-07:00,2025-10-30T16:12:46-07:00,0,20
style.css,430,css,c15c27ea,Jeremy Cheng,2025-10-30,16:12:46,-07:00,2025-10-30T16:12:46-07:00,1,14
style.css,431,css,c15c27ea,Jeremy Cheng,2025-10-30,16:12:46,-07:00,2025-10-30T16:12:46-07:00,0,0
style.css,432,css,c15c27ea,Jeremy Cheng,2025-10-30,16:12:46,-07:00,2025-10-30T16:12:46-07:00,0,0
style.css,433,css,c15c27ea,Jeremy Cheng,2025-10-30,16:12:46,-07:00,2025-10-30T16:12:46-07:00,0,60
style.css,434,css,c15c27ea,Jeremy Cheng,2025-10-30,16:12:46,-07:00,2025-10-30T16:12:46-07:00,0,9
style.css,435,css,c15c27ea,Jeremy Cheng,2025-10-30,16:12:46,-07:00,2025-10-30T16:12:46-07:00,1,37
style.css,436,css,c15c27ea,Jeremy Cheng,2025-10-30,16:12:46,-07:00,2025-10-30T16:12:46-07:00,0,0
style.css,437,css,c15c27ea,Jeremy Cheng,2025-10-30,16:12:46,-07:00,2025-10-30T16:12:46-07:00,0,0
style.css,438,css,c15c27ea,Jeremy Cheng,2025-10-30,16:12:46,-07:00,2025-10-30T16:12:46-07:00,0,18
style.css,439,css,c15c27ea,Jeremy Cheng,2025-10-30,16:12:46,-07:00,2025-10-30T16:12:46-07:00,1,17
style.css,440,css,c15c27ea,Jeremy Cheng,2025-10-30,16:12:46,-07:00,2025-10-30T16:12:46-07:00,0,0
index.js,1,js,524ad70f,Jeremy Cheng,2025-10-23,20:52:20,-07:00,2025-10-23T20:52:20-07:00,0,71
index.js,2,js,524ad70f,Jeremy Cheng,2025-10-23,20:52:20,-07:00,2025-10-23T20:52:20-07:00,0,0
index.js,3,js,524ad70f,Jeremy Cheng,2025-10-23,20:52:20,-07:00,2025-10-23T20:52:20-07:00,0,29
index.js,4,js,524ad70f,Jeremy Cheng,2025-10-23,20:52:20,-07:00,2025-10-23T20:52:20-07:00,0,54
index.js,5,js,524ad70f,Jeremy Cheng,2025-10-23,20:52:20,-07:00,2025-10-23T20:52:20-07:00,0,29
index.js,6,js,524ad70f,Jeremy Cheng,2025-10-23,20:52:20,-07:00,2025-10-23T20:52:20-07:00,0,42
index.js,7,js,524ad70f,Jeremy Cheng,2025-10-23,20:52:20,-07:00,2025-10-23T20:52:20-07:00,0,0
index.js,8,js,524ad70f,Jeremy Cheng,2025-10-23,20:52:20,-07:00,2025-10-23T20:52:20-07:00,0,36
index.js,9,js,524ad70f,Jeremy Cheng,2025-10-23,20:52:20,-07:00,2025-10-23T20:52:20-07:00,0,60
index.js,10,js,524ad70f,Jeremy Cheng,2025-10-23,20:52:20,-07:00,2025-10-23T20:52:20-07:00,0,54
index.js,11,js,524ad70f,Jeremy Cheng,2025-10-23,20:52:20,-07:00,2025-10-23T20:52:20-07:00,0,0
index.js,12,js,524ad70f,Jeremy Cheng,2025-10-23,20:52:20,-07:00,2025-10-23T20:52:20-07:00,0,20
index.js,13,js,524ad70f,Jeremy Cheng,2025-10-23,20:52:20,-07:00,2025-10-23T20:52:20-07:00,0,55
index.js,14,js,524ad70f,Jeremy Cheng,2025-10-23,20:52:20,-07:00,2025-10-23T20:52:20-07:00,0,31
index.js,15,js,524ad70f,Jeremy Cheng,2025-10-23,20:52:20,-07:00,2025-10-23T20:52:20-07:00,0,20
index.js,16,js,524ad70f,Jeremy Cheng,2025-10-23,20:52:20,-07:00,2025-10-23T20:52:20-07:00,0,60
index.js,17,js,524ad70f,Jeremy Cheng,2025-10-23,20:52:20,-07:00,2025-10-23T20:52:20-07:00,0,0
index.js,18,js,524ad70f,Jeremy Cheng,2025-10-23,20:52:20,-07:00,2025-10-23T20:52:20-07:00,0,17
index.js,19,js,524ad70f,Jeremy Cheng,2025-10-23,20:52:20,-07:00,2025-10-23T20:52:20-07:00,1,24
index.js,20,js,524ad70f,Jeremy Cheng,2025-10-23,20:52:20,-07:00,2025-10-23T20:52:20-07:00,2,24
index.js,21,js,524ad70f,Jeremy Cheng,2025-10-23,20:52:20,-07:00,2025-10-23T20:52:20-07:00,3,16
index.js,22,js,524ad70f,Jeremy Cheng,2025-10-23,20:52:20,-07:00,2025-10-23T20:52:20-07:00,4,16
index.js,23,js,524ad70f,Jeremy Cheng,2025-10-23,20:52:20,-07:00,2025-10-23T20:52:20-07:00,4,28
index.js,24,js,524ad70f,Jeremy Cheng,2025-10-23,20:52:20,-07:00,2025-10-23T20:52:20-07:00,3,4
index.js,25,js,524ad70f,Jeremy Cheng,2025-10-23,20:52:20,-07:00,2025-10-23T20:52:20-07:00,3,16
index.js,26,js,524ad70f,Jeremy Cheng,2025-10-23,20:52:20,-07:00,2025-10-23T20:52:20-07:00,4,16
index.js,27,js,524ad70f,Jeremy Cheng,2025-10-23,20:52:20,-07:00,2025-10-23T20:52:20-07:00,4,28
index.js,28,js,524ad70f,Jeremy Cheng,2025-10-23,20:52:20,-07:00,2025-10-23T20:52:20-07:00,3,4
index.js,29,js,524ad70f,Jeremy Cheng,2025-10-23,20:52:20,-07:00,2025-10-23T20:52:20-07:00,3,16
index.js,30,js,524ad70f,Jeremy Cheng,2025-10-23,20:52:20,-07:00,2025-10-23T20:52:20-07:00,4,19
index.js,31,js,524ad70f,Jeremy Cheng,2025-10-23,20:52:20,-07:00,2025-10-23T20:52:20-07:00,4,31
index.js,32,js,524ad70f,Jeremy Cheng,2025-10-23,20:52:20,-07:00,2025-10-23T20:52:20-07:00,3,4
index.js,33,js,524ad70f,Jeremy Cheng,2025-10-23,20:52:20,-07:00,2025-10-23T20:52:20-07:00,3,16
index.js,34,js,524ad70f,Jeremy Cheng,2025-10-23,20:52:20,-07:00,2025-10-23T20:52:20-07:00,4,19
index.js,35,js,524ad70f,Jeremy Cheng,2025-10-23,20:52:20,-07:00,2025-10-23T20:52:20-07:00,4,31
index.js,36,js,524ad70f,Jeremy Cheng,2025-10-23,20:52:20,-07:00,2025-10-23T20:52:20-07:00,3,4
index.js,37,js,524ad70f,Jeremy Cheng,2025-10-23,20:52:20,-07:00,2025-10-23T20:52:20-07:00,2,4
index.js,38,js,524ad70f,Jeremy Cheng,2025-10-23,20:52:20,-07:00,2025-10-23T20:52:20-07:00,1,0
index.js,39,js,524ad70f,Jeremy Cheng,2025-10-23,20:52:20,-07:00,2025-10-23T20:52:20-07:00,0,0
index.html,1,html,950a184,Jeremy Cheng,2025-09-30,17:40:11,-07:00,2025-09-30T17:40:11-07:00,0,13
index.html,2,html,950a184,Jeremy Cheng,2025-09-30,17:40:11,-07:00,2025-09-30T17:40:11-07:00,0,14
index.html,3,html,950a184,Jeremy Cheng,2025-09-30,17:40:11,-07:00,2025-09-30T17:40:11-07:00,1,4
index.html,4,html,950a184,Jeremy Cheng,2025-09-30,17:40:11,-07:00,2025-09-30T17:40:11-07:00,2,22
index.html,5,html,950a184,Jeremy Cheng,2025-09-30,17:40:11,-07:00,2025-09-30T17:40:11-07:00,2,70
index.html,6,html,950a184,Jeremy Cheng,2025-09-30,17:40:11,-07:00,2025-09-30T17:40:11-07:00,2,54
index.html,7,html,950a184,Jeremy Cheng,2025-09-30,17:40:11,-07:00,2025-09-30T17:40:11-07:00,2,40
index.html,8,html,950a184,Jeremy Cheng,2025-09-30,17:40:11,-07:00,2025-09-30T17:40:11-07:00,1,5
index.html,9,html,950a184,Jeremy Cheng,2025-09-30,17:40:11,-07:00,2025-09-30T17:40:11-07:00,1,4
index.html,10,html,1b176ef9,Jeremy Cheng,2025-10-03,13:24:37,-07:00,2025-10-03T13:24:37-07:00,2,19
index.html,11,html,1b176ef9,Jeremy Cheng,2025-10-03,13:24:37,-07:00,2025-10-03T13:24:37-07:00,0,0
index.html,12,html,950a184,Jeremy Cheng,2025-09-30,17:40:11,-07:00,2025-09-30T17:40:11-07:00,2,59
index.html,13,html,5577fda1,Jeremy Cheng,2025-10-24,08:40:29,-07:00,2025-10-24T08:40:29-07:00,2,56
index.html,14,html,5d2317a1,Jeremy Cheng,2025-10-16,09:14:19,-07:00,2025-10-16T09:14:19-07:00,0,0
index.html,15,html,5d2317a1,Jeremy Cheng,2025-10-16,09:14:19,-07:00,2025-10-16T09:14:19-07:00,2,45
index.html,16,html,524ad70f,Jeremy Cheng,2025-10-23,20:52:20,-07:00,2025-10-23T20:52:20-07:00,2,50
index.html,17,html,524ad70f,Jeremy Cheng,2025-10-23,20:52:20,-07:00,2025-10-23T20:52:20-07:00,2,22
index.html,18,html,524ad70f,Jeremy Cheng,2025-10-23,20:52:20,-07:00,2025-10-23T20:52:20-07:00,2,26
index.html,19,html,524ad70f,Jeremy Cheng,2025-10-23,20:52:20,-07:00,2025-10-23T20:52:20-07:00,0,0
index.html,20,html,524ad70f,Jeremy Cheng,2025-10-23,20:52:20,-07:00,2025-10-23T20:52:20-07:00,2,27
index.html,21,html,524ad70f,Jeremy Cheng,2025-10-23,20:52:20,-07:00,2025-10-23T20:52:20-07:00,2,28
index.html,22,html,950a184,Jeremy Cheng,2025-09-30,17:40:11,-07:00,2025-09-30T17:40:11-07:00,1,5
index.html,23,html,950a184,Jeremy Cheng,2025-09-30,17:40:11,-07:00,2025-09-30T17:40:11-07:00,0,5
global.js,1,js,5d2317a1,Jeremy Cheng,2025-10-16,09:14:19,-07:00,2025-10-16T09:14:19-07:00,0,25
global.js,2,js,5d2317a1,Jeremy Cheng,2025-10-16,09:14:19,-07:00,2025-10-16T09:14:19-07:00,0,0
global.js,3,js,5d2317a1,Jeremy Cheng,2025-10-16,09:14:19,-07:00,2025-10-16T09:14:19-07:00,0,41
global.js,4,js,5d2317a1,Jeremy Cheng,2025-10-16,09:14:19,-07:00,2025-10-16T09:14:19-07:00,1,52
global.js,5,js,5d2317a1,Jeremy Cheng,2025-10-16,09:14:19,-07:00,2025-10-16T09:14:19-07:00,0,0
global.js,6,js,6984ac1b,Jeremy Cheng,2025-10-16,10:24:09,-07:00,2025-10-16T10:24:09-07:00,0,0
global.js,7,js,6984ac1b,Jeremy Cheng,2025-10-16,10:24:09,-07:00,2025-10-16T10:24:09-07:00,0,11
global.js,8,js,6984ac1b,Jeremy Cheng,2025-10-16,10:24:09,-07:00,2025-10-16T10:24:09-07:00,1,25
global.js,9,js,6984ac1b,Jeremy Cheng,2025-10-16,10:24:09,-07:00,2025-10-16T10:24:09-07:00,1,38
global.js,10,js,6984ac1b,Jeremy Cheng,2025-10-16,10:24:09,-07:00,2025-10-16T10:24:09-07:00,1,36
global.js,11,js,6984ac1b,Jeremy Cheng,2025-10-16,10:24:09,-07:00,2025-10-16T10:24:09-07:00,1,34
global.js,12,js,c9d17ff0,Jeremy Cheng,2025-11-02,21:35:30,-08:00,2025-11-02T21:35:30-08:00,1,30
global.js,13,js,6984ac1b,Jeremy Cheng,2025-10-16,10:24:09,-07:00,2025-10-16T10:24:09-07:00,1,58
global.js,14,js,6984ac1b,Jeremy Cheng,2025-10-16,10:24:09,-07:00,2025-10-16T10:24:09-07:00,0,0
global.js,15,js,6984ac1b,Jeremy Cheng,2025-10-16,10:24:09,-07:00,2025-10-16T10:24:09-07:00,0,0
global.js,16,js,6984ac1b,Jeremy Cheng,2025-10-16,10:24:09,-07:00,2025-10-16T10:24:09-07:00,0,38
global.js,17,js,6984ac1b,Jeremy Cheng,2025-10-16,10:24:09,-07:00,2025-10-16T10:24:09-07:00,0,25
global.js,18,js,6984ac1b,Jeremy Cheng,2025-10-16,10:24:09,-07:00,2025-10-16T10:24:09-07:00,0,0
global.js,19,js,6984ac1b,Jeremy Cheng,2025-10-16,10:24:09,-07:00,2025-10-16T10:24:09-07:00,0,15
global.js,20,js,6984ac1b,Jeremy Cheng,2025-10-16,10:24:09,-07:00,2025-10-16T10:24:09-07:00,1,68
global.js,21,js,6984ac1b,Jeremy Cheng,2025-10-16,10:24:09,-07:00,2025-10-16T10:24:09-07:00,2,3
global.js,22,js,6984ac1b,Jeremy Cheng,2025-10-16,10:24:09,-07:00,2025-10-16T10:24:09-07:00,2,14
global.js,23,js,6984ac1b,Jeremy Cheng,2025-10-16,10:24:09,-07:00,2025-10-16T10:24:09-07:00,0,0
global.js,24,js,6984ac1b,Jeremy Cheng,2025-10-16,10:24:09,-07:00,2025-10-16T10:24:09-07:00,0,20
global.js,25,js,6984ac1b,Jeremy Cheng,2025-10-16,10:24:09,-07:00,2025-10-16T10:24:09-07:00,1,14
global.js,26,js,6984ac1b,Jeremy Cheng,2025-10-16,10:24:09,-07:00,2025-10-16T10:24:09-07:00,1,18
global.js,27,js,6984ac1b,Jeremy Cheng,2025-10-16,10:24:09,-07:00,2025-10-16T10:24:09-07:00,0,0
global.js,28,js,6984ac1b,Jeremy Cheng,2025-10-16,10:24:09,-07:00,2025-10-16T10:24:09-07:00,1,52
global.js,29,js,6984ac1b,Jeremy Cheng,2025-10-16,10:24:09,-07:00,2025-10-16T10:24:09-07:00,0,0
global.js,30,js,6984ac1b,Jeremy Cheng,2025-10-16,10:24:09,-07:00,2025-10-16T10:24:09-07:00,1,34
global.js,31,js,6984ac1b,Jeremy Cheng,2025-10-16,10:24:09,-07:00,2025-10-16T10:24:09-07:00,1,11
global.js,32,js,6984ac1b,Jeremy Cheng,2025-10-16,10:24:09,-07:00,2025-10-16T10:24:09-07:00,1,20
global.js,33,js,6984ac1b,Jeremy Cheng,2025-10-16,10:24:09,-07:00,2025-10-16T10:24:09-07:00,1,17
global.js,34,js,6984ac1b,Jeremy Cheng,2025-10-16,10:24:09,-07:00,2025-10-16T10:24:09-07:00,2,8
global.js,35,js,6984ac1b,Jeremy Cheng,2025-10-16,10:24:09,-07:00,2025-10-16T10:24:09-07:00,2,58
global.js,36,js,6984ac1b,Jeremy Cheng,2025-10-16,10:24:09,-07:00,2025-10-16T10:24:09-07:00,1,0
global.js,37,js,6984ac1b,Jeremy Cheng,2025-10-16,10:24:09,-07:00,2025-10-16T10:24:09-07:00,1,29
global.js,38,js,6984ac1b,Jeremy Cheng,2025-10-16,10:24:09,-07:00,2025-10-16T10:24:09-07:00,2,18
global.js,39,js,6984ac1b,Jeremy Cheng,2025-10-16,10:24:09,-07:00,2025-10-16T10:24:09-07:00,1,0
global.js,40,js,6984ac1b,Jeremy Cheng,2025-10-16,10:24:09,-07:00,2025-10-16T10:24:09-07:00,1,12
global.js,41,js,6984ac1b,Jeremy Cheng,2025-10-16,10:24:09,-07:00,2025-10-16T10:24:09-07:00,0,0
global.js,42,js,6984ac1b,Jeremy Cheng,2025-10-16,10:24:09,-07:00,2025-10-16T10:24:09-07:00,0,0
global.js,43,js,6984ac1b,Jeremy Cheng,2025-10-16,10:24:09,-07:00,2025-10-16T10:24:09-07:00,0,31
global.js,44,js,6984ac1b,Jeremy Cheng,2025-10-16,10:24:09,-07:00,2025-10-16T10:24:09-07:00,1,11
global.js,45,js,6984ac1b,Jeremy Cheng,2025-10-16,10:24:09,-07:00,2025-10-16T10:24:09-07:00,1,0
global.js,46,js,6984ac1b,Jeremy Cheng,2025-10-16,10:24:09,-07:00,2025-10-16T10:24:09-07:00,2,26
global.js,47,js,6984ac1b,Jeremy Cheng,2025-10-16,10:24:09,-07:00,2025-10-16T10:24:09-07:00,3,4
global.js,48,js,6984ac1b,Jeremy Cheng,2025-10-16,10:24:09,-07:00,2025-10-16T10:24:09-07:00,3,24
global.js,49,js,6984ac1b,Jeremy Cheng,2025-10-16,10:24:09,-07:00,2025-10-16T10:24:09-07:00,4,43
global.js,50,js,6984ac1b,Jeremy Cheng,2025-10-16,10:24:09,-07:00,2025-10-16T10:24:09-07:00,4,34
global.js,51,js,6984ac1b,Jeremy Cheng,2025-10-16,10:24:09,-07:00,2025-10-16T10:24:09-07:00,4,32
global.js,52,js,6984ac1b,Jeremy Cheng,2025-10-16,10:24:09,-07:00,2025-10-16T10:24:09-07:00,3,7
global.js,53,js,6984ac1b,Jeremy Cheng,2025-10-16,10:24:09,-07:00,2025-10-16T10:24:09-07:00,2,6
global.js,54,js,6984ac1b,Jeremy Cheng,2025-10-16,10:24:09,-07:00,2025-10-16T10:24:09-07:00,2,0
global.js,55,js,6984ac1b,Jeremy Cheng,2025-10-16,10:24:09,-07:00,2025-10-16T10:24:09-07:00,0,0
global.js,56,js,6984ac1b,Jeremy Cheng,2025-10-16,10:24:09,-07:00,2025-10-16T10:24:09-07:00,0,0
global.js,57,js,6984ac1b,Jeremy Cheng,2025-10-16,10:24:09,-07:00,2025-10-16T10:24:09-07:00,0,53
global.js,58,js,6984ac1b,Jeremy Cheng,2025-10-16,10:24:09,-07:00,2025-10-16T10:24:09-07:00,0,59
global.js,59,js,6984ac1b,Jeremy Cheng,2025-10-16,10:24:09,-07:00,2025-10-16T10:24:09-07:00,0,70
global.js,60,js,6984ac1b,Jeremy Cheng,2025-10-16,10:24:09,-07:00,2025-10-16T10:24:09-07:00,0,25
global.js,61,js,6984ac1b,Jeremy Cheng,2025-10-16,10:24:09,-07:00,2025-10-16T10:24:09-07:00,0,0
global.js,62,js,6984ac1b,Jeremy Cheng,2025-10-16,10:24:09,-07:00,2025-10-16T10:24:09-07:00,0,43
global.js,63,js,6984ac1b,Jeremy Cheng,2025-10-16,10:24:09,-07:00,2025-10-16T10:24:09-07:00,1,32
global.js,64,js,6984ac1b,Jeremy Cheng,2025-10-16,10:24:09,-07:00,2025-10-16T10:24:09-07:00,1,65
global.js,65,js,6984ac1b,Jeremy Cheng,2025-10-16,10:24:09,-07:00,2025-10-16T10:24:09-07:00,1,56
global.js,66,js,6984ac1b,Jeremy Cheng,2025-10-16,10:24:09,-07:00,2025-10-16T10:24:09-07:00,0,1
global.js,67,js,6984ac1b,Jeremy Cheng,2025-10-16,10:24:09,-07:00,2025-10-16T10:24:09-07:00,0,0
global.js,68,js,30111128,Jeremy Cheng,2025-10-16,10:33:56,-07:00,2025-10-16T10:33:56-07:00,0,42
global.js,69,js,30111128,Jeremy Cheng,2025-10-16,10:33:56,-07:00,2025-10-16T10:33:56-07:00,0,0
global.js,70,js,30111128,Jeremy Cheng,2025-10-16,10:33:56,-07:00,2025-10-16T10:33:56-07:00,0,43
global.js,71,js,30111128,Jeremy Cheng,2025-10-16,10:33:56,-07:00,2025-10-16T10:33:56-07:00,1,21
global.js,72,js,30111128,Jeremy Cheng,2025-10-16,10:33:56,-07:00,2025-10-16T10:33:56-07:00,0,0
global.js,73,js,30111128,Jeremy Cheng,2025-10-16,10:33:56,-07:00,2025-10-16T10:33:56-07:00,1,30
global.js,74,js,30111128,Jeremy Cheng,2025-10-16,10:33:56,-07:00,2025-10-16T10:33:56-07:00,1,26
global.js,75,js,30111128,Jeremy Cheng,2025-10-16,10:33:56,-07:00,2025-10-16T10:33:56-07:00,1,14
global.js,76,js,30111128,Jeremy Cheng,2025-10-16,10:33:56,-07:00,2025-10-16T10:33:56-07:00,0,0
global.js,77,js,30111128,Jeremy Cheng,2025-10-16,10:33:56,-07:00,2025-10-16T10:33:56-07:00,1,31
global.js,78,js,30111128,Jeremy Cheng,2025-10-16,10:33:56,-07:00,2025-10-16T10:33:56-07:00,2,50
global.js,79,js,30111128,Jeremy Cheng,2025-10-16,10:33:56,-07:00,2025-10-16T10:33:56-07:00,1,0
global.js,80,js,30111128,Jeremy Cheng,2025-10-16,10:33:56,-07:00,2025-10-16T10:33:56-07:00,0,0
global.js,81,js,30111128,Jeremy Cheng,2025-10-16,10:33:56,-07:00,2025-10-16T10:33:56-07:00,1,22
global.js,82,js,30111128,Jeremy Cheng,2025-10-16,10:33:56,-07:00,2025-10-16T10:33:56-07:00,1,18
global.js,83,js,30111128,Jeremy Cheng,2025-10-16,10:33:56,-07:00,2025-10-16T10:33:56-07:00,0,1
global.js,84,js,048bfa94,Jeremy Cheng,2025-10-23,18:42:07,-07:00,2025-10-23T18:42:07-07:00,0,0
global.js,85,js,048bfa94,Jeremy Cheng,2025-10-23,18:42:07,-07:00,2025-10-23T18:42:07-07:00,0,55
global.js,86,js,048bfa94,Jeremy Cheng,2025-10-23,18:42:07,-07:00,2025-10-23T18:42:07-07:00,0,36
global.js,87,js,048bfa94,Jeremy Cheng,2025-10-23,18:42:07,-07:00,2025-10-23T18:42:07-07:00,1,3
global.js,88,js,048bfa94,Jeremy Cheng,2025-10-23,18:42:07,-07:00,2025-10-23T18:42:07-07:00,2,39
global.js,89,js,048bfa94,Jeremy Cheng,2025-10-23,18:42:07,-07:00,2025-10-23T18:42:07-07:00,2,32
global.js,90,js,048bfa94,Jeremy Cheng,2025-10-23,18:42:07,-07:00,2025-10-23T18:42:07-07:00,0,0
global.js,91,js,05527b7a,Jeremy Cheng,2025-10-23,19:30:31,-07:00,2025-10-23T19:30:31-07:00,2,15
global.js,92,js,05527b7a,Jeremy Cheng,2025-10-23,19:30:31,-07:00,2025-10-23T19:30:31-07:00,2,43
global.js,93,js,05527b7a,Jeremy Cheng,2025-10-23,19:30:31,-07:00,2025-10-23T19:30:31-07:00,2,47
global.js,94,js,05527b7a,Jeremy Cheng,2025-10-23,19:30:31,-07:00,2025-10-23T19:30:31-07:00,0,0
global.js,95,js,048bfa94,Jeremy Cheng,2025-10-23,18:42:07,-07:00,2025-10-23T18:42:07-07:00,2,28
global.js,96,js,048bfa94,Jeremy Cheng,2025-10-23,18:42:07,-07:00,2025-10-23T18:42:07-07:00,2,17
global.js,97,js,048bfa94,Jeremy Cheng,2025-10-23,18:42:07,-07:00,2025-10-23T18:42:07-07:00,3,66
global.js,98,js,048bfa94,Jeremy Cheng,2025-10-23,18:42:07,-07:00,2025-10-23T18:42:07-07:00,2,0
global.js,99,js,05527b7a,Jeremy Cheng,2025-10-23,19:30:31,-07:00,2025-10-23T19:30:31-07:00,0,0
global.js,100,js,05527b7a,Jeremy Cheng,2025-10-23,19:30:31,-07:00,2025-10-23T19:30:31-07:00,2,27
global.js,101,js,048bfa94,Jeremy Cheng,2025-10-23,18:42:07,-07:00,2025-10-23T18:42:07-07:00,1,15
global.js,102,js,048bfa94,Jeremy Cheng,2025-10-23,18:42:07,-07:00,2025-10-23T18:42:07-07:00,2,59
global.js,103,js,048bfa94,Jeremy Cheng,2025-10-23,18:42:07,-07:00,2025-10-23T18:42:07-07:00,1,0
global.js,104,js,048bfa94,Jeremy Cheng,2025-10-23,18:42:07,-07:00,2025-10-23T18:42:07-07:00,0,0
global.js,105,js,05527b7a,Jeremy Cheng,2025-10-23,19:30:31,-07:00,2025-10-23T19:30:31-07:00,0,0
global.js,106,js,05527b7a,Jeremy Cheng,2025-10-23,19:30:31,-07:00,2025-10-23T19:30:31-07:00,0,29
global.js,107,js,05527b7a,Jeremy Cheng,2025-10-23,19:30:31,-07:00,2025-10-23T19:30:31-07:00,1,7
global.js,108,js,05527b7a,Jeremy Cheng,2025-10-23,19:30:31,-07:00,2025-10-23T19:30:31-07:00,1,15
global.js,109,js,05527b7a,Jeremy Cheng,2025-10-23,19:30:31,-07:00,2025-10-23T19:30:31-07:00,1,17
global.js,110,js,05527b7a,Jeremy Cheng,2025-10-23,19:30:31,-07:00,2025-10-23T19:30:31-07:00,0,1
global.js,111,js,05527b7a,Jeremy Cheng,2025-10-23,19:30:31,-07:00,2025-10-23T19:30:31-07:00,1,42
global.js,112,js,05527b7a,Jeremy Cheng,2025-10-23,19:30:31,-07:00,2025-10-23T19:30:31-07:00,1,23
global.js,113,js,05527b7a,Jeremy Cheng,2025-10-23,19:30:31,-07:00,2025-10-23T19:30:31-07:00,1,30
global.js,114,js,05527b7a,Jeremy Cheng,2025-10-23,19:30:31,-07:00,2025-10-23T19:30:31-07:00,0,0
global.js,115,js,05527b7a,Jeremy Cheng,2025-10-23,19:30:31,-07:00,2025-10-23T19:30:31-07:00,1,29
global.js,116,js,05527b7a,Jeremy Cheng,2025-10-23,19:30:31,-07:00,2025-10-23T19:30:31-07:00,2,34
global.js,117,js,05527b7a,Jeremy Cheng,2025-10-23,19:30:31,-07:00,2025-10-23T19:30:31-07:00,2,48
global.js,118,js,05527b7a,Jeremy Cheng,2025-10-23,19:30:31,-07:00,2025-10-23T19:30:31-07:00,0,0
global.js,119,js,85c7fbd6,Jeremy Cheng,2025-10-24,08:57:41,-07:00,2025-10-24T08:57:41-07:00,2,45
global.js,120,js,85c7fbd6,Jeremy Cheng,2025-10-24,08:57:41,-07:00,2025-10-24T08:57:41-07:00,2,28
global.js,121,js,85c7fbd6,Jeremy Cheng,2025-10-24,08:57:41,-07:00,2025-10-24T08:57:41-07:00,2,64
global.js,122,js,85c7fbd6,Jeremy Cheng,2025-10-24,08:57:41,-07:00,2025-10-24T08:57:41-07:00,3,73
global.js,123,js,85c7fbd6,Jeremy Cheng,2025-10-24,08:57:41,-07:00,2025-10-24T08:57:41-07:00,3,45
global.js,124,js,85c7fbd6,Jeremy Cheng,2025-10-24,08:57:41,-07:00,2025-10-24T08:57:41-07:00,4,28
global.js,125,js,85c7fbd6,Jeremy Cheng,2025-10-24,08:57:41,-07:00,2025-10-24T08:57:41-07:00,3,0
global.js,126,js,85c7fbd6,Jeremy Cheng,2025-10-24,08:57:41,-07:00,2025-10-24T08:57:41-07:00,2,0
global.js,127,js,85c7fbd6,Jeremy Cheng,2025-10-24,08:57:41,-07:00,2025-10-24T08:57:41-07:00,0,0
global.js,128,js,05527b7a,Jeremy Cheng,2025-10-23,19:30:31,-07:00,2025-10-23T19:30:31-07:00,2,42
global.js,129,js,05527b7a,Jeremy Cheng,2025-10-23,19:30:31,-07:00,2025-10-23T19:30:31-07:00,2,19
global.js,130,js,05527b7a,Jeremy Cheng,2025-10-23,19:30:31,-07:00,2025-10-23T19:30:31-07:00,2,49
global.js,131,js,85c7fbd6,Jeremy Cheng,2025-10-24,08:57:41,-07:00,2025-10-24T08:57:41-07:00,2,45
global.js,132,js,ad5e32ef,Jeremy Cheng,2025-10-29,13:56:42,-07:00,2025-10-29T13:56:42-07:00,2,35
global.js,133,js,ad5e32ef,Jeremy Cheng,2025-10-29,13:56:42,-07:00,2025-10-29T13:56:42-07:00,2,45
global.js,134,js,05527b7a,Jeremy Cheng,2025-10-23,19:30:31,-07:00,2025-10-23T19:30:31-07:00,1,0
global.js,135,js,05527b7a,Jeremy Cheng,2025-10-23,19:30:31,-07:00,2025-10-23T19:30:31-07:00,2,36
global.js,136,js,05527b7a,Jeremy Cheng,2025-10-23,19:30:31,-07:00,2025-10-23T19:30:31-07:00,2,36
global.js,137,js,05527b7a,Jeremy Cheng,2025-10-23,19:30:31,-07:00,2025-10-23T19:30:31-07:00,1,1
global.js,138,js,05527b7a,Jeremy Cheng,2025-10-23,19:30:31,-07:00,2025-10-23T19:30:31-07:00,0,0
global.js,139,js,524ad70f,Jeremy Cheng,2025-10-23,20:52:20,-07:00,2025-10-23T20:52:20-07:00,0,0
global.js,140,js,524ad70f,Jeremy Cheng,2025-10-23,20:52:20,-07:00,2025-10-23T20:52:20-07:00,0,51
global.js,141,js,524ad70f,Jeremy Cheng,2025-10-23,20:52:20,-07:00,2025-10-23T20:52:20-07:00,0,47
global.js,142,js,524ad70f,Jeremy Cheng,2025-10-23,20:52:20,-07:00,2025-10-23T20:52:20-07:00,1,59
global.js,143,js,524ad70f,Jeremy Cheng,2025-10-23,20:52:20,-07:00,2025-10-23T20:52:20-07:00,0,0
resume/index.html,1,html,4e7c66b8,Jeremy Cheng,2025-09-30,17:52:36,-07:00,2025-09-30T17:52:36-07:00,0,13
resume/index.html,2,html,4e7c66b8,Jeremy Cheng,2025-09-30,17:52:36,-07:00,2025-09-30T17:52:36-07:00,0,14
resume/index.html,3,html,4e7c66b8,Jeremy Cheng,2025-09-30,17:52:36,-07:00,2025-09-30T17:52:36-07:00,1,4
resume/index.html,4,html,4e7c66b8,Jeremy Cheng,2025-09-30,17:52:36,-07:00,2025-09-30T17:52:36-07:00,2,22
resume/index.html,5,html,4e7c66b8,Jeremy Cheng,2025-09-30,17:52:36,-07:00,2025-09-30T17:52:36-07:00,2,70
resume/index.html,6,html,4e7c66b8,Jeremy Cheng,2025-09-30,17:52:36,-07:00,2025-09-30T17:52:36-07:00,2,19
resume/index.html,7,html,a73d3946,Jeremy Cheng,2025-10-09,23:33:41,-07:00,2025-10-09T23:33:41-07:00,2,43
resume/index.html,8,html,4e7c66b8,Jeremy Cheng,2025-09-30,17:52:36,-07:00,2025-09-30T17:52:36-07:00,1,5
resume/index.html,9,html,04ca5927,Jeremy Cheng,2025-10-01,08:26:24,-07:00,2025-10-01T08:26:24-07:00,1,4
resume/index.html,10,html,1b176ef9,Jeremy Cheng,2025-10-03,13:24:37,-07:00,2025-10-03T13:24:37-07:00,2,13
resume/index.html,11,html,04ca5927,Jeremy Cheng,2025-10-01,08:26:24,-07:00,2025-10-01T08:26:24-07:00,0,0
resume/index.html,12,html,6812596a,Jeremy Cheng,2025-10-03,13:36:13,-07:00,2025-10-03T13:36:13-07:00,2,7
resume/index.html,13,html,6812596a,Jeremy Cheng,2025-10-03,13:36:13,-07:00,2025-10-03T13:36:13-07:00,3,23
resume/index.html,14,html,6812596a,Jeremy Cheng,2025-10-03,13:36:13,-07:00,2025-10-03T13:36:13-07:00,3,2
resume/index.html,15,html,6812596a,Jeremy Cheng,2025-10-03,13:36:13,-07:00,2025-10-03T13:36:13-07:00,4,69
resume/index.html,16,html,6812596a,Jeremy Cheng,2025-10-03,13:36:13,-07:00,2025-10-03T13:36:13-07:00,4,2
resume/index.html,17,html,6812596a,Jeremy Cheng,2025-10-03,13:36:13,-07:00,2025-10-03T13:36:13-07:00,5,63
resume/index.html,18,html,6812596a,Jeremy Cheng,2025-10-03,13:36:13,-07:00,2025-10-03T13:36:13-07:00,5,10
resume/index.html,19,html,6812596a,Jeremy Cheng,2025-10-03,13:36:13,-07:00,2025-10-03T13:36:13-07:00,4,3
resume/index.html,20,html,6812596a,Jeremy Cheng,2025-10-03,13:36:13,-07:00,2025-10-03T13:36:13-07:00,4,2
resume/index.html,21,html,6812596a,Jeremy Cheng,2025-10-03,13:36:13,-07:00,2025-10-03T13:36:13-07:00,5,55
resume/index.html,22,html,6812596a,Jeremy Cheng,2025-10-03,13:36:13,-07:00,2025-10-03T13:36:13-07:00,5,42
resume/index.html,23,html,6812596a,Jeremy Cheng,2025-10-03,13:36:13,-07:00,2025-10-03T13:36:13-07:00,4,3
resume/index.html,24,html,6812596a,Jeremy Cheng,2025-10-03,13:36:13,-07:00,2025-10-03T13:36:13-07:00,3,3
resume/index.html,25,html,6812596a,Jeremy Cheng,2025-10-03,13:36:13,-07:00,2025-10-03T13:36:13-07:00,2,8
resume/index.html,26,html,254112ab,Jeremy Cheng,2025-10-10,13:32:30,-07:00,2025-10-10T13:32:30-07:00,2,25
resume/index.html,27,html,04ca5927,Jeremy Cheng,2025-10-01,08:26:24,-07:00,2025-10-01T08:26:24-07:00,3,16
resume/index.html,28,html,04ca5927,Jeremy Cheng,2025-10-01,08:26:24,-07:00,2025-10-01T08:26:24-07:00,3,7
resume/index.html,29,html,04ca5927,Jeremy Cheng,2025-10-01,08:26:24,-07:00,2025-10-01T08:26:24-07:00,4,42
resume/index.html,30,html,04ca5927,Jeremy Cheng,2025-10-01,08:26:24,-07:00,2025-10-01T08:26:24-07:00,4,25
resume/index.html,31,html,6812596a,Jeremy Cheng,2025-10-03,13:36:13,-07:00,2025-10-03T13:36:13-07:00,4,40
resume/index.html,32,html,04ca5927,Jeremy Cheng,2025-10-01,08:26:24,-07:00,2025-10-01T08:26:24-07:00,3,8
resume/index.html,33,html,04ca5927,Jeremy Cheng,2025-10-01,08:26:24,-07:00,2025-10-01T08:26:24-07:00,2,8
resume/index.html,34,html,04ca5927,Jeremy Cheng,2025-10-01,08:26:24,-07:00,2025-10-01T08:26:24-07:00,0,0
resume/index.html,35,html,04ca5927,Jeremy Cheng,2025-10-01,08:26:24,-07:00,2025-10-01T08:26:24-07:00,2,7
resume/index.html,36,html,04ca5927,Jeremy Cheng,2025-10-01,08:26:24,-07:00,2025-10-01T08:26:24-07:00,3,17
resume/index.html,37,html,04ca5927,Jeremy Cheng,2025-10-01,08:26:24,-07:00,2025-10-01T08:26:24-07:00,3,7
resume/index.html,38,html,a171c531,Jeremy Cheng,2025-10-02,15:46:36,-07:00,2025-10-02T15:46:36-07:00,4,2
resume/index.html,39,html,a171c531,Jeremy Cheng,2025-10-02,15:46:36,-07:00,2025-10-02T15:46:36-07:00,5,25
resume/index.html,40,html,a171c531,Jeremy Cheng,2025-10-02,15:46:36,-07:00,2025-10-02T15:46:36-07:00,5,26
resume/index.html,41,html,a171c531,Jeremy Cheng,2025-10-02,15:46:36,-07:00,2025-10-02T15:46:36-07:00,5,61
resume/index.html,42,html,a171c531,Jeremy Cheng,2025-10-02,15:46:36,-07:00,2025-10-02T15:46:36-07:00,4,0
resume/index.html,43,html,04ca5927,Jeremy Cheng,2025-10-01,08:26:24,-07:00,2025-10-01T08:26:24-07:00,4,54
resume/index.html,44,html,04ca5927,Jeremy Cheng,2025-10-01,08:26:24,-07:00,2025-10-01T08:26:24-07:00,4,37
resume/index.html,45,html,04ca5927,Jeremy Cheng,2025-10-01,08:26:24,-07:00,2025-10-01T08:26:24-07:00,4,2
resume/index.html,46,html,6812596a,Jeremy Cheng,2025-10-03,13:36:13,-07:00,2025-10-03T13:36:13-07:00,5,2
resume/index.html,47,html,6812596a,Jeremy Cheng,2025-10-03,13:36:13,-07:00,2025-10-03T13:36:13-07:00,6,62
resume/index.html,48,html,6812596a,Jeremy Cheng,2025-10-03,13:36:13,-07:00,2025-10-03T13:36:13-07:00,6,59
resume/index.html,49,html,6812596a,Jeremy Cheng,2025-10-03,13:36:13,-07:00,2025-10-03T13:36:13-07:00,6,5
resume/index.html,50,html,6812596a,Jeremy Cheng,2025-10-03,13:36:13,-07:00,2025-10-03T13:36:13-07:00,5,3
resume/index.html,51,html,6812596a,Jeremy Cheng,2025-10-03,13:36:13,-07:00,2025-10-03T13:36:13-07:00,5,2
resume/index.html,52,html,6812596a,Jeremy Cheng,2025-10-03,13:36:13,-07:00,2025-10-03T13:36:13-07:00,6,64
resume/index.html,53,html,6812596a,Jeremy Cheng,2025-10-03,13:36:13,-07:00,2025-10-03T13:36:13-07:00,6,55
resume/index.html,54,html,6812596a,Jeremy Cheng,2025-10-03,13:36:13,-07:00,2025-10-03T13:36:13-07:00,5,3
resume/index.html,55,html,6812596a,Jeremy Cheng,2025-10-03,13:36:13,-07:00,2025-10-03T13:36:13-07:00,5,2
resume/index.html,56,html,6812596a,Jeremy Cheng,2025-10-03,13:36:13,-07:00,2025-10-03T13:36:13-07:00,6,58
resume/index.html,57,html,6812596a,Jeremy Cheng,2025-10-03,13:36:13,-07:00,2025-10-03T13:36:13-07:00,6,64
resume/index.html,58,html,6812596a,Jeremy Cheng,2025-10-03,13:36:13,-07:00,2025-10-03T13:36:13-07:00,6,29
resume/index.html,59,html,6812596a,Jeremy Cheng,2025-10-03,13:36:13,-07:00,2025-10-03T13:36:13-07:00,5,3
resume/index.html,60,html,6812596a,Jeremy Cheng,2025-10-03,13:36:13,-07:00,2025-10-03T13:36:13-07:00,4,3
resume/index.html,61,html,6812596a,Jeremy Cheng,2025-10-03,13:36:13,-07:00,2025-10-03T13:36:13-07:00,3,8
resume/index.html,62,html,6812596a,Jeremy Cheng,2025-10-03,13:36:13,-07:00,2025-10-03T13:36:13-07:00,0,0
resume/index.html,63,html,6812596a,Jeremy Cheng,2025-10-03,13:36:13,-07:00,2025-10-03T13:36:13-07:00,3,7
resume/index.html,64,html,6812596a,Jeremy Cheng,2025-10-03,13:36:13,-07:00,2025-10-03T13:36:13-07:00,4,2
resume/index.html,65,html,6812596a,Jeremy Cheng,2025-10-03,13:36:13,-07:00,2025-10-03T13:36:13-07:00,5,23
resume/index.html,66,html,6812596a,Jeremy Cheng,2025-10-03,13:36:13,-07:00,2025-10-03T13:36:13-07:00,5,13
resume/index.html,67,html,6812596a,Jeremy Cheng,2025-10-03,13:36:13,-07:00,2025-10-03T13:36:13-07:00,5,61
resume/index.html,68,html,6812596a,Jeremy Cheng,2025-10-03,13:36:13,-07:00,2025-10-03T13:36:13-07:00,4,0
resume/index.html,69,html,6812596a,Jeremy Cheng,2025-10-03,13:36:13,-07:00,2025-10-03T13:36:13-07:00,4,44
resume/index.html,70,html,6812596a,Jeremy Cheng,2025-10-03,13:36:13,-07:00,2025-10-03T13:36:13-07:00,4,22
resume/index.html,71,html,6812596a,Jeremy Cheng,2025-10-03,13:36:13,-07:00,2025-10-03T13:36:13-07:00,4,2
resume/index.html,72,html,6812596a,Jeremy Cheng,2025-10-03,13:36:13,-07:00,2025-10-03T13:36:13-07:00,5,2
resume/index.html,73,html,6812596a,Jeremy Cheng,2025-10-03,13:36:13,-07:00,2025-10-03T13:36:13-07:00,6,57
resume/index.html,74,html,6812596a,Jeremy Cheng,2025-10-03,13:36:13,-07:00,2025-10-03T13:36:13-07:00,6,59
resume/index.html,75,html,6812596a,Jeremy Cheng,2025-10-03,13:36:13,-07:00,2025-10-03T13:36:13-07:00,6,28
resume/index.html,76,html,6812596a,Jeremy Cheng,2025-10-03,13:36:13,-07:00,2025-10-03T13:36:13-07:00,5,3
resume/index.html,77,html,6812596a,Jeremy Cheng,2025-10-03,13:36:13,-07:00,2025-10-03T13:36:13-07:00,5,2
resume/index.html,78,html,6812596a,Jeremy Cheng,2025-10-03,13:36:13,-07:00,2025-10-03T13:36:13-07:00,6,58
resume/index.html,79,html,6812596a,Jeremy Cheng,2025-10-03,13:36:13,-07:00,2025-10-03T13:36:13-07:00,6,55
resume/index.html,80,html,6812596a,Jeremy Cheng,2025-10-03,13:36:13,-07:00,2025-10-03T13:36:13-07:00,5,3
resume/index.html,81,html,6812596a,Jeremy Cheng,2025-10-03,13:36:13,-07:00,2025-10-03T13:36:13-07:00,5,2
resume/index.html,82,html,6812596a,Jeremy Cheng,2025-10-03,13:36:13,-07:00,2025-10-03T13:36:13-07:00,6,61
resume/index.html,83,html,6812596a,Jeremy Cheng,2025-10-03,13:36:13,-07:00,2025-10-03T13:36:13-07:00,6,35
resume/index.html,84,html,6812596a,Jeremy Cheng,2025-10-03,13:36:13,-07:00,2025-10-03T13:36:13-07:00,5,3
resume/index.html,85,html,04ca5927,Jeremy Cheng,2025-10-01,08:26:24,-07:00,2025-10-01T08:26:24-07:00,4,3
resume/index.html,86,html,04ca5927,Jeremy Cheng,2025-10-01,08:26:24,-07:00,2025-10-01T08:26:24-07:00,3,8
resume/index.html,87,html,a171c531,Jeremy Cheng,2025-10-02,15:46:36,-07:00,2025-10-02T15:46:36-07:00,3,7
resume/index.html,88,html,a171c531,Jeremy Cheng,2025-10-02,15:46:36,-07:00,2025-10-02T15:46:36-07:00,4,2
resume/index.html,89,html,a171c531,Jeremy Cheng,2025-10-02,15:46:36,-07:00,2025-10-02T15:46:36-07:00,5,22
resume/index.html,90,html,a171c531,Jeremy Cheng,2025-10-02,15:46:36,-07:00,2025-10-02T15:46:36-07:00,5,13
resume/index.html,91,html,a171c531,Jeremy Cheng,2025-10-02,15:46:36,-07:00,2025-10-02T15:46:36-07:00,5,61
resume/index.html,92,html,a171c531,Jeremy Cheng,2025-10-02,15:46:36,-07:00,2025-10-02T15:46:36-07:00,4,0
resume/index.html,93,html,a171c531,Jeremy Cheng,2025-10-02,15:46:36,-07:00,2025-10-02T15:46:36-07:00,4,45
resume/index.html,94,html,a171c531,Jeremy Cheng,2025-10-02,15:46:36,-07:00,2025-10-02T15:46:36-07:00,4,37
resume/index.html,95,html,a171c531,Jeremy Cheng,2025-10-02,15:46:36,-07:00,2025-10-02T15:46:36-07:00,4,2
resume/index.html,96,html,a171c531,Jeremy Cheng,2025-10-02,15:46:36,-07:00,2025-10-02T15:46:36-07:00,5,2
resume/index.html,97,html,6812596a,Jeremy Cheng,2025-10-03,13:36:13,-07:00,2025-10-03T13:36:13-07:00,6,64
resume/index.html,98,html,6812596a,Jeremy Cheng,2025-10-03,13:36:13,-07:00,2025-10-03T13:36:13-07:00,6,57
resume/index.html,99,html,6812596a,Jeremy Cheng,2025-10-03,13:36:13,-07:00,2025-10-03T13:36:13-07:00,5,3
resume/index.html,100,html,6812596a,Jeremy Cheng,2025-10-03,13:36:13,-07:00,2025-10-03T13:36:13-07:00,5,2
resume/index.html,101,html,6812596a,Jeremy Cheng,2025-10-03,13:36:13,-07:00,2025-10-03T13:36:13-07:00,6,59
resume/index.html,102,html,6812596a,Jeremy Cheng,2025-10-03,13:36:13,-07:00,2025-10-03T13:36:13-07:00,6,55
resume/index.html,103,html,a171c531,Jeremy Cheng,2025-10-02,15:46:36,-07:00,2025-10-02T15:46:36-07:00,5,3
resume/index.html,104,html,a171c531,Jeremy Cheng,2025-10-02,15:46:36,-07:00,2025-10-02T15:46:36-07:00,5,2
resume/index.html,105,html,6812596a,Jeremy Cheng,2025-10-03,13:36:13,-07:00,2025-10-03T13:36:13-07:00,6,56
resume/index.html,106,html,6812596a,Jeremy Cheng,2025-10-03,13:36:13,-07:00,2025-10-03T13:36:13-07:00,6,61
resume/index.html,107,html,6812596a,Jeremy Cheng,2025-10-03,13:36:13,-07:00,2025-10-03T13:36:13-07:00,6,29
resume/index.html,108,html,a171c531,Jeremy Cheng,2025-10-02,15:46:36,-07:00,2025-10-02T15:46:36-07:00,5,3
resume/index.html,109,html,a171c531,Jeremy Cheng,2025-10-02,15:46:36,-07:00,2025-10-02T15:46:36-07:00,4,3
resume/index.html,110,html,a171c531,Jeremy Cheng,2025-10-02,15:46:36,-07:00,2025-10-02T15:46:36-07:00,3,8
resume/index.html,111,html,04ca5927,Jeremy Cheng,2025-10-01,08:26:24,-07:00,2025-10-01T08:26:24-07:00,2,8
resume/index.html,112,html,6984ac1b,Jeremy Cheng,2025-10-16,10:24:09,-07:00,2025-10-16T10:24:09-07:00,2,48
resume/index.html,113,html,04ca5927,Jeremy Cheng,2025-10-01,08:26:24,-07:00,2025-10-01T08:26:24-07:00,1,5
resume/index.html,114,html,4e7c66b8,Jeremy Cheng,2025-09-30,17:52:36,-07:00,2025-09-30T17:52:36-07:00,0,5
projects/projects.js,1,js,048bfa94,Jeremy Cheng,2025-10-23,18:42:07,-07:00,2025-10-23T18:42:07-07:00,0,55
projects/projects.js,2,js,ad5e32ef,Jeremy Cheng,2025-10-29,13:56:42,-07:00,2025-10-29T13:56:42-07:00,0,63
projects/projects.js,3,js,048bfa94,Jeremy Cheng,2025-10-23,18:42:07,-07:00,2025-10-23T18:42:07-07:00,0,0
projects/projects.js,4,js,048bfa94,Jeremy Cheng,2025-10-23,18:42:07,-07:00,2025-10-23T18:42:07-07:00,0,38
projects/projects.js,5,js,048bfa94,Jeremy Cheng,2025-10-23,18:42:07,-07:00,2025-10-23T18:42:07-07:00,0,55
projects/projects.js,6,js,048bfa94,Jeremy Cheng,2025-10-23,18:42:07,-07:00,2025-10-23T18:42:07-07:00,0,0
projects/projects.js,7,js,048bfa94,Jeremy Cheng,2025-10-23,18:42:07,-07:00,2025-10-23T18:42:07-07:00,0,39
projects/projects.js,8,js,048bfa94,Jeremy Cheng,2025-10-23,18:42:07,-07:00,2025-10-23T18:42:07-07:00,0,60
projects/projects.js,9,js,048bfa94,Jeremy Cheng,2025-10-23,18:42:07,-07:00,2025-10-23T18:42:07-07:00,0,0
projects/projects.js,10,js,12155109,Jeremy Cheng,2025-10-23,19:39:21,-07:00,2025-10-23T19:39:21-07:00,0,25
projects/projects.js,11,js,12155109,Jeremy Cheng,2025-10-23,19:39:21,-07:00,2025-10-23T19:39:21-07:00,0,61
projects/projects.js,12,js,12155109,Jeremy Cheng,2025-10-23,19:39:21,-07:00,2025-10-23T19:39:21-07:00,0,0
projects/projects.js,13,js,12155109,Jeremy Cheng,2025-10-23,19:39:21,-07:00,2025-10-23T19:39:21-07:00,0,44
projects/projects.js,14,js,12155109,Jeremy Cheng,2025-10-23,19:39:21,-07:00,2025-10-23T19:39:21-07:00,0,61
projects/projects.js,15,js,12155109,Jeremy Cheng,2025-10-23,19:39:21,-07:00,2025-10-23T19:39:21-07:00,0,0
projects/projects.js,16,js,12155109,Jeremy Cheng,2025-10-23,19:39:21,-07:00,2025-10-23T19:39:21-07:00,0,49
projects/projects.js,17,js,12155109,Jeremy Cheng,2025-10-23,19:39:21,-07:00,2025-10-23T19:39:21-07:00,0,0
projects/projects.js,18,js,048bfa94,Jeremy Cheng,2025-10-23,18:42:07,-07:00,2025-10-23T18:42:07-07:00,0,57
projects/projects.js,19,js,048bfa94,Jeremy Cheng,2025-10-23,18:42:07,-07:00,2025-10-23T18:42:07-07:00,0,48
projects/projects.js,20,js,ad5e32ef,Jeremy Cheng,2025-10-29,13:56:42,-07:00,2025-10-29T13:56:42-07:00,0,0
projects/projects.js,21,js,ad5e32ef,Jeremy Cheng,2025-10-29,13:56:42,-07:00,2025-10-29T13:56:42-07:00,0,9
projects/projects.js,22,js,ad5e32ef,Jeremy Cheng,2025-10-29,13:56:42,-07:00,2025-10-29T13:56:42-07:00,0,57
projects/projects.js,23,js,ad5e32ef,Jeremy Cheng,2025-10-29,13:56:42,-07:00,2025-10-29T13:56:42-07:00,0,48
projects/projects.js,24,js,ad5e32ef,Jeremy Cheng,2025-10-29,13:56:42,-07:00,2025-10-29T13:56:42-07:00,0,47
projects/projects.js,25,js,ad5e32ef,Jeremy Cheng,2025-10-29,13:56:42,-07:00,2025-10-29T13:56:42-07:00,0,0
projects/projects.js,26,js,7af5bdd4,Jeremy Cheng,2025-10-29,20:36:14,-07:00,2025-10-29T20:36:14-07:00,0,7
projects/projects.js,27,js,7af5bdd4,Jeremy Cheng,2025-10-29,20:36:14,-07:00,2025-10-29T20:36:14-07:00,0,13
projects/projects.js,28,js,d9b066a2,Jeremy Cheng,2025-10-30,16:25:25,-07:00,2025-10-30T16:25:25-07:00,0,67
projects/projects.js,29,js,7af5bdd4,Jeremy Cheng,2025-10-29,20:36:14,-07:00,2025-10-29T20:36:14-07:00,0,0
projects/projects.js,30,js,7af5bdd4,Jeremy Cheng,2025-10-29,20:36:14,-07:00,2025-10-29T20:36:14-07:00,0,53
projects/projects.js,31,js,7af5bdd4,Jeremy Cheng,2025-10-29,20:36:14,-07:00,2025-10-29T20:36:14-07:00,0,0
projects/projects.js,32,js,7af5bdd4,Jeremy Cheng,2025-10-29,20:36:14,-07:00,2025-10-29T20:36:14-07:00,0,49
projects/projects.js,33,js,7af5bdd4,Jeremy Cheng,2025-10-29,20:36:14,-07:00,2025-10-29T20:36:14-07:00,1,19
projects/projects.js,34,js,7af5bdd4,Jeremy Cheng,2025-10-29,20:36:14,-07:00,2025-10-29T20:36:14-07:00,1,25
projects/projects.js,35,js,7af5bdd4,Jeremy Cheng,2025-10-29,20:36:14,-07:00,2025-10-29T20:36:14-07:00,0,0
projects/projects.js,36,js,876f41f5,Jeremy Cheng,2025-10-30,15:50:52,-07:00,2025-10-30T15:50:52-07:00,1,16
projects/projects.js,37,js,d9b066a2,Jeremy Cheng,2025-10-30,16:25:25,-07:00,2025-10-30T16:25:25-07:00,1,37
projects/projects.js,38,js,876f41f5,Jeremy Cheng,2025-10-30,15:50:52,-07:00,2025-10-30T15:50:52-07:00,2,10
projects/projects.js,39,js,876f41f5,Jeremy Cheng,2025-10-30,15:50:52,-07:00,2025-10-30T15:50:52-07:00,3,58
projects/projects.js,40,js,876f41f5,Jeremy Cheng,2025-10-30,15:50:52,-07:00,2025-10-30T15:50:52-07:00,3,64
projects/projects.js,41,js,876f41f5,Jeremy Cheng,2025-10-30,15:50:52,-07:00,2025-10-30T15:50:52-07:00,3,37
projects/projects.js,42,js,876f41f5,Jeremy Cheng,2025-10-30,15:50:52,-07:00,2025-10-30T15:50:52-07:00,1,0
projects/projects.js,43,js,876f41f5,Jeremy Cheng,2025-10-30,15:50:52,-07:00,2025-10-30T15:50:52-07:00,0,0
projects/projects.js,44,js,d9b066a2,Jeremy Cheng,2025-10-30,16:25:25,-07:00,2025-10-30T16:25:25-07:00,1,50
projects/projects.js,45,js,d9b066a2,Jeremy Cheng,2025-10-30,16:25:25,-07:00,2025-10-30T16:25:25-07:00,1,25
projects/projects.js,46,js,d9b066a2,Jeremy Cheng,2025-10-30,16:25:25,-07:00,2025-10-30T16:25:25-07:00,2,41
projects/projects.js,47,js,d9b066a2,Jeremy Cheng,2025-10-30,16:25:25,-07:00,2025-10-30T16:25:25-07:00,3,44
projects/projects.js,48,js,d9b066a2,Jeremy Cheng,2025-10-30,16:25:25,-07:00,2025-10-30T16:25:25-07:00,2,0
projects/projects.js,49,js,d9b066a2,Jeremy Cheng,2025-10-30,16:25:25,-07:00,2025-10-30T16:25:25-07:00,1,0
projects/projects.js,50,js,d9b066a2,Jeremy Cheng,2025-10-30,16:25:25,-07:00,2025-10-30T16:25:25-07:00,0,0
projects/projects.js,51,js,876f41f5,Jeremy Cheng,2025-10-30,15:50:52,-07:00,2025-10-30T15:50:52-07:00,1,36
projects/projects.js,52,js,876f41f5,Jeremy Cheng,2025-10-30,15:50:52,-07:00,2025-10-30T15:50:52-07:00,1,31
projects/projects.js,53,js,876f41f5,Jeremy Cheng,2025-10-30,15:50:52,-07:00,2025-10-30T15:50:52-07:00,0,0
projects/projects.js,54,js,876f41f5,Jeremy Cheng,2025-10-30,15:50:52,-07:00,2025-10-30T15:50:52-07:00,1,46
projects/projects.js,55,js,876f41f5,Jeremy Cheng,2025-10-30,15:50:52,-07:00,2025-10-30T15:50:52-07:00,1,56
projects/projects.js,56,js,876f41f5,Jeremy Cheng,2025-10-30,15:50:52,-07:00,2025-10-30T15:50:52-07:00,1,31
projects/projects.js,57,js,7af5bdd4,Jeremy Cheng,2025-10-29,20:36:14,-07:00,2025-10-29T20:36:14-07:00,0,1
projects/projects.js,58,js,876f41f5,Jeremy Cheng,2025-10-30,15:50:52,-07:00,2025-10-30T15:50:52-07:00,0,40
projects/projects.js,59,js,876f41f5,Jeremy Cheng,2025-10-30,15:50:52,-07:00,2025-10-30T15:50:52-07:00,0,38
projects/projects.js,60,js,876f41f5,Jeremy Cheng,2025-10-30,15:50:52,-07:00,2025-10-30T15:50:52-07:00,1,25
projects/projects.js,61,js,876f41f5,Jeremy Cheng,2025-10-30,15:50:52,-07:00,2025-10-30T15:50:52-07:00,1,29
projects/projects.js,62,js,876f41f5,Jeremy Cheng,2025-10-30,15:50:52,-07:00,2025-10-30T15:50:52-07:00,2,12
projects/projects.js,63,js,876f41f5,Jeremy Cheng,2025-10-30,15:50:52,-07:00,2025-10-30T15:50:52-07:00,2,14
projects/projects.js,64,js,876f41f5,Jeremy Cheng,2025-10-30,15:50:52,-07:00,2025-10-30T15:50:52-07:00,2,11
projects/projects.js,65,js,876f41f5,Jeremy Cheng,2025-10-30,15:50:52,-07:00,2025-10-30T15:50:52-07:00,1,0
projects/projects.js,66,js,876f41f5,Jeremy Cheng,2025-10-30,15:50:52,-07:00,2025-10-30T15:50:52-07:00,0,0
projects/projects.js,67,js,876f41f5,Jeremy Cheng,2025-10-30,15:50:52,-07:00,2025-10-30T15:50:52-07:00,1,18
projects/projects.js,68,js,876f41f5,Jeremy Cheng,2025-10-30,15:50:52,-07:00,2025-10-30T15:50:52-07:00,1,50
projects/projects.js,69,js,876f41f5,Jeremy Cheng,2025-10-30,15:50:52,-07:00,2025-10-30T15:50:52-07:00,2,43
projects/projects.js,70,js,876f41f5,Jeremy Cheng,2025-10-30,15:50:52,-07:00,2025-10-30T15:50:52-07:00,1,1
projects/projects.js,71,js,876f41f5,Jeremy Cheng,2025-10-30,15:50:52,-07:00,2025-10-30T15:50:52-07:00,0,0
projects/projects.js,72,js,876f41f5,Jeremy Cheng,2025-10-30,15:50:52,-07:00,2025-10-30T15:50:52-07:00,1,50
projects/projects.js,73,js,876f41f5,Jeremy Cheng,2025-10-30,15:50:52,-07:00,2025-10-30T15:50:52-07:00,1,53
projects/projects.js,74,js,876f41f5,Jeremy Cheng,2025-10-30,15:50:52,-07:00,2025-10-30T15:50:52-07:00,1,42
projects/projects.js,75,js,876f41f5,Jeremy Cheng,2025-10-30,15:50:52,-07:00,2025-10-30T15:50:52-07:00,1,51
projects/projects.js,76,js,876f41f5,Jeremy Cheng,2025-10-30,15:50:52,-07:00,2025-10-30T15:50:52-07:00,0,0
projects/projects.js,77,js,876f41f5,Jeremy Cheng,2025-10-30,15:50:52,-07:00,2025-10-30T15:50:52-07:00,1,39
projects/projects.js,78,js,876f41f5,Jeremy Cheng,2025-10-30,15:50:52,-07:00,2025-10-30T15:50:52-07:00,1,29
projects/projects.js,79,js,876f41f5,Jeremy Cheng,2025-10-30,15:50:52,-07:00,2025-10-30T15:50:52-07:00,1,43
projects/projects.js,80,js,876f41f5,Jeremy Cheng,2025-10-30,15:50:52,-07:00,2025-10-30T15:50:52-07:00,0,0
projects/projects.js,81,js,876f41f5,Jeremy Cheng,2025-10-30,15:50:52,-07:00,2025-10-30T15:50:52-07:00,1,25
projects/projects.js,82,js,c15c27ea,Jeremy Cheng,2025-10-30,16:12:46,-07:00,2025-10-30T16:12:46-07:00,1,18
projects/projects.js,83,js,876f41f5,Jeremy Cheng,2025-10-30,15:50:52,-07:00,2025-10-30T15:50:52-07:00,2,16
projects/projects.js,84,js,876f41f5,Jeremy Cheng,2025-10-30,15:50:52,-07:00,2025-10-30T15:50:52-07:00,2,15
projects/projects.js,85,js,876f41f5,Jeremy Cheng,2025-10-30,15:50:52,-07:00,2025-10-30T15:50:52-07:00,2,11
projects/projects.js,86,js,876f41f5,Jeremy Cheng,2025-10-30,15:50:52,-07:00,2025-10-30T15:50:52-07:00,2,16
projects/projects.js,87,js,876f41f5,Jeremy Cheng,2025-10-30,15:50:52,-07:00,2025-10-30T15:50:52-07:00,2,49
projects/projects.js,88,js,27c94cb8,Jeremy Cheng,2025-10-30,15:55:13,-07:00,2025-10-30T15:55:13-07:00,2,23
projects/projects.js,89,js,876f41f5,Jeremy Cheng,2025-10-30,15:50:52,-07:00,2025-10-30T15:50:52-07:00,0,0
projects/projects.js,90,js,876f41f5,Jeremy Cheng,2025-10-30,15:50:52,-07:00,2025-10-30T15:50:52-07:00,1,32
projects/projects.js,91,js,c15c27ea,Jeremy Cheng,2025-10-30,16:12:46,-07:00,2025-10-30T16:12:46-07:00,1,24
projects/projects.js,92,js,876f41f5,Jeremy Cheng,2025-10-30,15:50:52,-07:00,2025-10-30T15:50:52-07:00,2,14
projects/projects.js,93,js,876f41f5,Jeremy Cheng,2025-10-30,15:50:52,-07:00,2025-10-30T15:50:52-07:00,2,12
projects/projects.js,94,js,876f41f5,Jeremy Cheng,2025-10-30,15:50:52,-07:00,2025-10-30T15:50:52-07:00,2,9
projects/projects.js,95,js,876f41f5,Jeremy Cheng,2025-10-30,15:50:52,-07:00,2025-10-30T15:50:52-07:00,2,27
projects/projects.js,96,js,876f41f5,Jeremy Cheng,2025-10-30,15:50:52,-07:00,2025-10-30T15:50:52-07:00,2,63
projects/projects.js,97,js,876f41f5,Jeremy Cheng,2025-10-30,15:50:52,-07:00,2025-10-30T15:50:52-07:00,2,4
projects/projects.js,98,js,c15c27ea,Jeremy Cheng,2025-10-30,16:12:46,-07:00,2025-10-30T16:12:46-07:00,3,70
projects/projects.js,99,js,876f41f5,Jeremy Cheng,2025-10-30,15:50:52,-07:00,2025-10-30T15:50:52-07:00,2,0
projects/projects.js,100,js,c15c27ea,Jeremy Cheng,2025-10-30,16:12:46,-07:00,2025-10-30T16:12:46-07:00,0,0
projects/projects.js,101,js,c15c27ea,Jeremy Cheng,2025-10-30,16:12:46,-07:00,2025-10-30T16:12:46-07:00,1,28
projects/projects.js,102,js,d9b066a2,Jeremy Cheng,2025-10-30,16:25:25,-07:00,2025-10-30T16:25:25-07:00,1,17
projects/projects.js,103,js,d9b066a2,Jeremy Cheng,2025-10-30,16:25:25,-07:00,2025-10-30T16:25:25-07:00,2,18
projects/projects.js,104,js,d9b066a2,Jeremy Cheng,2025-10-30,16:25:25,-07:00,2025-10-30T16:25:25-07:00,3,2
projects/projects.js,105,js,d9b066a2,Jeremy Cheng,2025-10-30,16:25:25,-07:00,2025-10-30T16:25:25-07:00,3,59
projects/projects.js,106,js,c15c27ea,Jeremy Cheng,2025-10-30,16:12:46,-07:00,2025-10-30T16:12:46-07:00,0,0
projects/projects.js,107,js,c15c27ea,Jeremy Cheng,2025-10-30,16:12:46,-07:00,2025-10-30T16:12:46-07:00,1,25
projects/projects.js,108,js,c15c27ea,Jeremy Cheng,2025-10-30,16:12:46,-07:00,2025-10-30T16:12:46-07:00,2,24
projects/projects.js,109,js,c15c27ea,Jeremy Cheng,2025-10-30,16:12:46,-07:00,2025-10-30T16:12:46-07:00,3,57
projects/projects.js,110,js,c15c27ea,Jeremy Cheng,2025-10-30,16:12:46,-07:00,2025-10-30T16:12:46-07:00,2,0
projects/projects.js,111,js,c15c27ea,Jeremy Cheng,2025-10-30,16:12:46,-07:00,2025-10-30T16:12:46-07:00,2,33
projects/projects.js,112,js,c15c27ea,Jeremy Cheng,2025-10-30,16:12:46,-07:00,2025-10-30T16:12:46-07:00,3,58
projects/projects.js,113,js,c15c27ea,Jeremy Cheng,2025-10-30,16:12:46,-07:00,2025-10-30T16:12:46-07:00,2,0
projects/projects.js,114,js,c15c27ea,Jeremy Cheng,2025-10-30,16:12:46,-07:00,2025-10-30T16:12:46-07:00,0,0
projects/projects.js,115,js,c15c27ea,Jeremy Cheng,2025-10-30,16:12:46,-07:00,2025-10-30T16:12:46-07:00,2,61
projects/projects.js,116,js,c15c27ea,Jeremy Cheng,2025-10-30,16:12:46,-07:00,2025-10-30T16:12:46-07:00,2,25
projects/projects.js,117,js,d9b066a2,Jeremy Cheng,2025-10-30,16:25:25,-07:00,2025-10-30T16:25:25-07:00,3,18
projects/projects.js,118,js,c15c27ea,Jeremy Cheng,2025-10-30,16:12:46,-07:00,2025-10-30T16:12:46-07:00,3,53
projects/projects.js,119,js,c15c27ea,Jeremy Cheng,2025-10-30,16:12:46,-07:00,2025-10-30T16:12:46-07:00,3,66
projects/projects.js,120,js,c15c27ea,Jeremy Cheng,2025-10-30,16:12:46,-07:00,2025-10-30T16:12:46-07:00,2,6
projects/projects.js,121,js,d9b066a2,Jeremy Cheng,2025-10-30,16:25:25,-07:00,2025-10-30T16:25:25-07:00,3,42
projects/projects.js,122,js,c15c27ea,Jeremy Cheng,2025-10-30,16:12:46,-07:00,2025-10-30T16:12:46-07:00,3,36
projects/projects.js,123,js,c15c27ea,Jeremy Cheng,2025-10-30,16:12:46,-07:00,2025-10-30T16:12:46-07:00,4,44
projects/projects.js,124,js,c15c27ea,Jeremy Cheng,2025-10-30,16:12:46,-07:00,2025-10-30T16:12:46-07:00,3,0
projects/projects.js,125,js,c15c27ea,Jeremy Cheng,2025-10-30,16:12:46,-07:00,2025-10-30T16:12:46-07:00,3,48
projects/projects.js,126,js,c15c27ea,Jeremy Cheng,2025-10-30,16:12:46,-07:00,2025-10-30T16:12:46-07:00,3,61
projects/projects.js,127,js,c15c27ea,Jeremy Cheng,2025-10-30,16:12:46,-07:00,2025-10-30T16:12:46-07:00,2,0
projects/projects.js,128,js,c15c27ea,Jeremy Cheng,2025-10-30,16:12:46,-07:00,2025-10-30T16:12:46-07:00,1,0
projects/projects.js,129,js,c15c27ea,Jeremy Cheng,2025-10-30,16:12:46,-07:00,2025-10-30T16:12:46-07:00,0,0
projects/projects.js,130,js,c15c27ea,Jeremy Cheng,2025-10-30,16:12:46,-07:00,2025-10-30T16:12:46-07:00,1,31
projects/projects.js,131,js,c15c27ea,Jeremy Cheng,2025-10-30,16:12:46,-07:00,2025-10-30T16:12:46-07:00,2,30
projects/projects.js,132,js,c15c27ea,Jeremy Cheng,2025-10-30,16:12:46,-07:00,2025-10-30T16:12:46-07:00,2,43
projects/projects.js,133,js,c15c27ea,Jeremy Cheng,2025-10-30,16:12:46,-07:00,2025-10-30T16:12:46-07:00,2,15
projects/projects.js,134,js,c15c27ea,Jeremy Cheng,2025-10-30,16:12:46,-07:00,2025-10-30T16:12:46-07:00,1,1
projects/projects.js,135,js,c15c27ea,Jeremy Cheng,2025-10-30,16:12:46,-07:00,2025-10-30T16:12:46-07:00,0,0
projects/projects.js,136,js,c15c27ea,Jeremy Cheng,2025-10-30,16:12:46,-07:00,2025-10-30T16:12:46-07:00,1,46
projects/projects.js,137,js,c15c27ea,Jeremy Cheng,2025-10-30,16:12:46,-07:00,2025-10-30T16:12:46-07:00,2,57
projects/projects.js,138,js,c15c27ea,Jeremy Cheng,2025-10-30,16:12:46,-07:00,2025-10-30T16:12:46-07:00,2,47
projects/projects.js,139,js,c15c27ea,Jeremy Cheng,2025-10-30,16:12:46,-07:00,2025-10-30T16:12:46-07:00,2,15
projects/projects.js,140,js,c15c27ea,Jeremy Cheng,2025-10-30,16:12:46,-07:00,2025-10-30T16:12:46-07:00,1,1
projects/projects.js,141,js,c15c27ea,Jeremy Cheng,2025-10-30,16:12:46,-07:00,2025-10-30T16:12:46-07:00,0,0
projects/projects.js,142,js,c15c27ea,Jeremy Cheng,2025-10-30,16:12:46,-07:00,2025-10-30T16:12:46-07:00,1,15
projects/projects.js,143,js,876f41f5,Jeremy Cheng,2025-10-30,15:50:52,-07:00,2025-10-30T15:50:52-07:00,0,0
projects/projects.js,144,js,876f41f5,Jeremy Cheng,2025-10-30,15:50:52,-07:00,2025-10-30T15:50:52-07:00,0,0
projects/projects.js,145,js,876f41f5,Jeremy Cheng,2025-10-30,15:50:52,-07:00,2025-10-30T15:50:52-07:00,0,32
projects/projects.js,146,js,876f41f5,Jeremy Cheng,2025-10-30,15:50:52,-07:00,2025-10-30T15:50:52-07:00,0,23
projects/index.html,1,html,950a184,Jeremy Cheng,2025-09-30,17:40:11,-07:00,2025-09-30T17:40:11-07:00,0,13
projects/index.html,2,html,950a184,Jeremy Cheng,2025-09-30,17:40:11,-07:00,2025-09-30T17:40:11-07:00,0,14
projects/index.html,3,html,950a184,Jeremy Cheng,2025-09-30,17:40:11,-07:00,2025-09-30T17:40:11-07:00,1,4
projects/index.html,4,html,950a184,Jeremy Cheng,2025-09-30,17:40:11,-07:00,2025-09-30T17:40:11-07:00,2,22
projects/index.html,5,html,950a184,Jeremy Cheng,2025-09-30,17:40:11,-07:00,2025-09-30T17:40:11-07:00,2,70
projects/index.html,6,html,950a184,Jeremy Cheng,2025-09-30,17:40:11,-07:00,2025-09-30T17:40:11-07:00,2,21
projects/index.html,7,html,a73d3946,Jeremy Cheng,2025-10-09,23:33:41,-07:00,2025-10-09T23:33:41-07:00,2,43
projects/index.html,8,html,950a184,Jeremy Cheng,2025-09-30,17:40:11,-07:00,2025-09-30T17:40:11-07:00,1,5
projects/index.html,9,html,950a184,Jeremy Cheng,2025-09-30,17:40:11,-07:00,2025-09-30T17:40:11-07:00,1,4
projects/index.html,10,html,12155109,Jeremy Cheng,2025-10-23,19:39:21,-07:00,2025-10-23T19:39:21-07:00,2,51
projects/index.html,11,html,ccea5a1c,Jeremy Cheng,2025-10-29,14:06:11,-07:00,2025-10-29T14:06:11-07:00,2,26
projects/index.html,12,html,ccea5a1c,Jeremy Cheng,2025-10-29,14:06:11,-07:00,2025-10-29T14:06:11-07:00,3,48
projects/index.html,13,html,ccea5a1c,Jeremy Cheng,2025-10-29,14:06:11,-07:00,2025-10-29T14:06:11-07:00,4,68
projects/index.html,14,html,ccea5a1c,Jeremy Cheng,2025-10-29,14:06:11,-07:00,2025-10-29T14:06:11-07:00,3,4
projects/index.html,15,html,ccea5a1c,Jeremy Cheng,2025-10-29,14:06:11,-07:00,2025-10-29T14:06:11-07:00,3,22
projects/index.html,16,html,ccea5a1c,Jeremy Cheng,2025-10-29,14:06:11,-07:00,2025-10-29T14:06:11-07:00,2,4
projects/index.html,17,html,27c94cb8,Jeremy Cheng,2025-10-30,15:55:13,-07:00,2025-10-30T15:55:13-07:00,2,4
projects/index.html,18,html,27c94cb8,Jeremy Cheng,2025-10-30,15:55:13,-07:00,2025-10-30T15:55:13-07:00,3,15
projects/index.html,19,html,27c94cb8,Jeremy Cheng,2025-10-30,15:55:13,-07:00,2025-10-30T15:55:13-07:00,3,11
projects/index.html,20,html,27c94cb8,Jeremy Cheng,2025-10-30,15:55:13,-07:00,2025-10-30T15:55:13-07:00,3,26
projects/index.html,21,html,e0989cb0,Jeremy Cheng,2025-10-30,16:32:49,-07:00,2025-10-30T16:32:49-07:00,3,28
projects/index.html,22,html,27c94cb8,Jeremy Cheng,2025-10-30,15:55:13,-07:00,2025-10-30T15:55:13-07:00,2,0
projects/index.html,23,html,ff12dddc,Jeremy Cheng,2025-10-10,12:25:18,-07:00,2025-10-10T12:25:18-07:00,2,20
projects/index.html,24,html,05527b7a,Jeremy Cheng,2025-10-23,19:30:31,-07:00,2025-10-23T19:30:31-07:00,3,48
projects/index.html,25,html,05527b7a,Jeremy Cheng,2025-10-23,19:30:31,-07:00,2025-10-23T19:30:31-07:00,3,47
projects/index.html,26,html,ff12dddc,Jeremy Cheng,2025-10-10,12:25:18,-07:00,2025-10-10T12:25:18-07:00,2,4
projects/index.html,27,html,950a184,Jeremy Cheng,2025-09-30,17:40:11,-07:00,2025-09-30T17:40:11-07:00,1,5
projects/index.html,28,html,950a184,Jeremy Cheng,2025-09-30,17:40:11,-07:00,2025-09-30T17:40:11-07:00,0,5
meta/index.html,1,html,c9d17ff0,Jeremy Cheng,2025-11-02,21:35:30,-08:00,2025-11-02T21:35:30-08:00,0,13
meta/index.html,2,html,c9d17ff0,Jeremy Cheng,2025-11-02,21:35:30,-08:00,2025-11-02T21:35:30-08:00,0,14
meta/index.html,3,html,c9d17ff0,Jeremy Cheng,2025-11-02,21:35:30,-08:00,2025-11-02T21:35:30-08:00,1,4
meta/index.html,4,html,c9d17ff0,Jeremy Cheng,2025-11-02,21:35:30,-08:00,2025-11-02T21:35:30-08:00,2,22
meta/index.html,5,html,c9d17ff0,Jeremy Cheng,2025-11-02,21:35:30,-08:00,2025-11-02T21:35:30-08:00,2,70
meta/index.html,6,html,c9d17ff0,Jeremy Cheng,2025-11-02,21:35:30,-08:00,2025-11-02T21:35:30-08:00,2,20
meta/index.html,7,html,c9d17ff0,Jeremy Cheng,2025-11-02,21:35:30,-08:00,2025-11-02T21:35:30-08:00,2,43
meta/index.html,8,html,c9d17ff0,Jeremy Cheng,2025-11-02,21:35:30,-08:00,2025-11-02T21:35:30-08:00,1,5
meta/index.html,9,html,c9d17ff0,Jeremy Cheng,2025-11-02,21:35:30,-08:00,2025-11-02T21:35:30-08:00,1,4
meta/index.html,10,html,c9d17ff0,Jeremy Cheng,2025-11-02,21:35:30,-08:00,2025-11-02T21:35:30-08:00,2,11
meta/index.html,11,html,c9d17ff0,Jeremy Cheng,2025-11-02,21:35:30,-08:00,2025-11-02T21:35:30-08:00,2,27
meta/index.html,12,html,c9d17ff0,Jeremy Cheng,2025-11-02,21:35:30,-08:00,2025-11-02T21:35:30-08:00,0,0
meta/index.html,13,html,c9d17ff0,Jeremy Cheng,2025-11-02,21:35:30,-08:00,2025-11-02T21:35:30-08:00,2,48
meta/index.html,14,html,c9d17ff0,Jeremy Cheng,2025-11-02,21:35:30,-08:00,2025-11-02T21:35:30-08:00,1,5
meta/index.html,15,html,c9d17ff0,Jeremy Cheng,2025-11-02,21:35:30,-08:00,2025-11-02T21:35:30-08:00,0,5
contact/index.html,1,html,950a184,Jeremy Cheng,2025-09-30,17:40:11,-07:00,2025-09-30T17:40:11-07:00,0,13
contact/index.html,2,html,950a184,Jeremy Cheng,2025-09-30,17:40:11,-07:00,2025-09-30T17:40:11-07:00,0,14
contact/index.html,3,html,950a184,Jeremy Cheng,2025-09-30,17:40:11,-07:00,2025-09-30T17:40:11-07:00,1,4
contact/index.html,4,html,950a184,Jeremy Cheng,2025-09-30,17:40:11,-07:00,2025-09-30T17:40:11-07:00,2,22
contact/index.html,5,html,950a184,Jeremy Cheng,2025-09-30,17:40:11,-07:00,2025-09-30T17:40:11-07:00,2,70
contact/index.html,6,html,950a184,Jeremy Cheng,2025-09-30,17:40:11,-07:00,2025-09-30T17:40:11-07:00,2,20
contact/index.html,7,html,a73d3946,Jeremy Cheng,2025-10-09,23:33:41,-07:00,2025-10-09T23:33:41-07:00,2,43
contact/index.html,8,html,950a184,Jeremy Cheng,2025-09-30,17:40:11,-07:00,2025-09-30T17:40:11-07:00,1,5
contact/index.html,9,html,950a184,Jeremy Cheng,2025-09-30,17:40:11,-07:00,2025-09-30T17:40:11-07:00,1,4
contact/index.html,10,html,1b176ef9,Jeremy Cheng,2025-10-03,13:24:37,-07:00,2025-10-03T13:24:37-07:00,2,31
contact/index.html,11,html,950a184,Jeremy Cheng,2025-09-30,17:40:11,-07:00,2025-09-30T17:40:11-07:00,0,0
contact/index.html,12,html,950a184,Jeremy Cheng,2025-09-30,17:40:11,-07:00,2025-09-30T17:40:11-07:00,2,14
contact/index.html,13,html,30111128,Jeremy Cheng,2025-10-16,10:33:56,-07:00,2025-10-16T10:33:56-07:00,2,49
contact/index.html,14,html,30111128,Jeremy Cheng,2025-10-16,10:33:56,-07:00,2025-10-16T10:33:56-07:00,3,36
contact/index.html,15,html,30111128,Jeremy Cheng,2025-10-16,10:33:56,-07:00,2025-10-16T10:33:56-07:00,3,52
contact/index.html,16,html,950a184,Jeremy Cheng,2025-09-30,17:40:11,-07:00,2025-09-30T17:40:11-07:00,0,0
contact/index.html,17,html,4b96cee5,Jeremy Cheng,2025-10-10,11:52:47,-07:00,2025-10-10T11:52:47-07:00,3,35
contact/index.html,18,html,30111128,Jeremy Cheng,2025-10-16,10:33:56,-07:00,2025-10-16T10:33:56-07:00,3,56
contact/index.html,19,html,4b96cee5,Jeremy Cheng,2025-10-10,11:52:47,-07:00,2025-10-10T11:52:47-07:00,0,0
contact/index.html,20,html,4b96cee5,Jeremy Cheng,2025-10-10,11:52:47,-07:00,2025-10-10T11:52:47-07:00,3,35
contact/index.html,21,html,30111128,Jeremy Cheng,2025-10-16,10:33:56,-07:00,2025-10-16T10:33:56-07:00,3,62
contact/index.html,22,html,950a184,Jeremy Cheng,2025-09-30,17:40:11,-07:00,2025-09-30T17:40:11-07:00,0,0
contact/index.html,23,html,30111128,Jeremy Cheng,2025-10-16,10:33:56,-07:00,2025-10-16T10:33:56-07:00,3,33
contact/index.html,24,html,950a184,Jeremy Cheng,2025-09-30,17:40:11,-07:00,2025-09-30T17:40:11-07:00,2,5
contact/index.html,25,html,6984ac1b,Jeremy Cheng,2025-10-16,10:24:09,-07:00,2025-10-16T10:24:09-07:00,2,48
contact/index.html,26,html,950a184,Jeremy Cheng,2025-09-30,17:40:11,-07:00,2025-09-30T17:40:11-07:00,1,5
contact/index.html,27,html,950a184,Jeremy Cheng,2025-09-30,17:40:11,-07:00,2025-09-30T17:40:11-07:00,0,5
